학원명,도로명주소,위도,경도,정원합계,일시수용능력인원합계,인원,근처학원수,근처수강생총합,근처휴게음식점수,근처횡단보도수,사고건수
생명을살리는수학창의교육보습학원,서울특별시 광진구 구의강변로 106,37.5399001,127.0948193,24,85.0,24.0,221.0,11724.0,188.0,124.0,4.0
시엘음악학원,서울특별시 광진구 용마산로21길 27,37.5634854,127.0859389,40,63.0,40.0,46.0,2822.0,73.0,79.0,12.0
성신에듀학원,서울특별시 광진구 자양로22길 24,37.5394904,127.0846921,255,53.0,53.0,47.0,2527.0,83.0,53.0,17.0
청람보습학원,서울특별시 광진구 용마산로 100,37.5626083,127.087319,90,90.0,90.0,42.0,2699.0,45.0,77.0,14.0
상명보습학원,서울특별시 광진구 자양로 181-1,37.543898,127.0845631,59,115.0,59.0,44.0,1553.0,62.0,12.0,12.0
위너스아카데미학원,서울특별시 광진구 뚝섬로64길 42,37.5317302,127.0888652,24,40.0,24.0,20.0,815.0,111.0,61.0,4.0
창조의아침미술학원,서울특별시 광진구 천호대로 566,37.5563402,127.0806204,5495,111.0,111.0,67.0,2006.0,67.0,76.0,45.0
성지미술학원,서울특별시 광진구 자양로50길 17,37.5521757,127.0933669,20,82.0,20.0,40.0,2073.0,88.0,84.0,24.0
가람음악학원,서울특별시 광진구 뚝섬로36길 15,37.533733,127.0714588,480,54.0,54.0,108.0,4344.0,140.0,59.0,6.0
한일컴퓨터학원,서울특별시 광진구 용마산로 93,37.5619087,127.0870137,632,47.0,47.0,46.0,2787.0,46.0,69.0,14.0
조이학원,서울특별시 광진구 면목로 137,37.5656602,127.0808767,40,77.0,40.0,26.0,1017.0,84.0,89.0,30.0
대진독서실,서울특별시 광진구 면목로 155,37.5673131,127.0817901,192,96.0,96.0,27.0,731.0,79.0,96.0,24.0
구의음악학원,서울특별시 광진구 자양로41길 7,37.5497219,127.0898572,180,12.0,12.0,50.0,2020.0,80.0,59.0,22.0
포레음악학원,서울특별시 광진구 자양로13길 61,37.5337338,127.0814398,165,53.0,53.0,68.0,3335.0,80.0,80.0,9.0
신글로리음악학원,서울특별시 광진구 자양로 294,37.5517515,127.0923627,80,11.0,11.0,48.0,2296.0,94.0,80.0,24.0
자매음악학원,서울특별시 광진구 동일로24길 13,37.5439693,127.0660367,35,22.0,22.0,22.0,1773.0,122.0,24.0,15.0
동부대일보습학원,서울특별시 광진구 영화사로 32,37.5567329,127.0903676,408,120.0,120.0,46.0,1289.0,96.0,71.0,12.0
강북전문가집단보습학원,서울특별시 광진구 용마산로 111,37.5635935,127.0866729,540,114.0,114.0,46.0,2736.0,74.0,71.0,10.0
서울필음악학원,서울특별시 광진구 뚝섬로 587,37.5335228,127.0754315,66,13.0,13.0,89.0,3576.0,73.0,55.0,6.0
예원음악학원,서울특별시 광진구 자양로 282-1,37.5509934,127.0917623,84,12.0,12.0,52.0,2234.0,84.0,78.0,24.0
포일스독서실,서울특별시 광진구 아차산로 623,37.548496,127.106796,352,176.0,176.0,13.0,720.0,57.0,70.0,18.0
스터디뱅크독서실,서울특별시 광진구 뚝섬로33길 45,37.5370226,127.0700899,553,79.0,79.0,68.0,3177.0,206.0,60.0,6.0
군자스터디뱅크독서실,서울특별시 광진구 군자로 100,37.5519103,127.0714764,128,128.0,128.0,21.0,909.0,31.0,61.0,10.0
지니음악학원,서울특별시 광진구 영화사로 29-1,37.5570335,127.0905629,90,34.0,34.0,45.0,1352.0,95.0,66.0,12.0
유니버설발레학원,서울특별시 광진구 천호대로 670,37.55104770000001,127.0895364,165,95.0,95.0,49.0,1954.0,94.0,64.0,24.0
엘림보습학원,서울특별시 광진구 천호대로 616,37.5543504,127.0857568,23,50.0,23.0,65.0,2207.0,95.0,43.0,47.0
GMstudy학원,서울특별시 광진구 아차산로 494,37.541154,127.0967128,42,75.0,42.0,220.0,11789.0,183.0,103.0,0.0
서울학원,서울특별시 광진구 자양로42길 2,37.5493218,127.0904011,156,248.0,156.0,51.0,1891.0,76.0,55.0,22.0
전문가집단보습학원,서울특별시 광진구 용마산로 111,37.5635935,127.0866729,552,43.0,43.0,46.0,2807.0,74.0,71.0,10.0
유니크(Unique)보습학원,서울특별시 광진구 뚝섬로 590,37.5331067,127.0752992,330,150.0,150.0,90.0,3448.0,75.0,55.0,10.0
위드스카이학원,서울특별시 광진구 뚝섬로56길 21,37.5304977,127.0827277,65292,70.0,70.0,48.0,1751.0,69.0,58.0,8.0
올림피아드보습학원,서울특별시 광진구 아차산로 376,37.5364443,127.0844799,504,299.0,299.0,28.0,1710.0,92.0,69.0,13.0
광개토아카데미보습학원,서울특별시 광진구 용마산로 114,37.5638778,127.0871117,320,84.0,84.0,46.0,2766.0,66.0,75.0,10.0
성심보습학원,서울특별시 광진구 능동로13길 102,37.5460087,127.0682278,279,70.0,70.0,16.0,683.0,107.0,51.0,8.0
이드미술학원,서울특별시 광진구 아차산로 191,37.5420462,127.0651456,360,50.0,50.0,22.0,1807.0,110.0,21.0,16.0
공신보습학원,서울특별시 광진구 동일로 274,37.5557399,127.0719634,134,93.0,93.0,8.0,407.0,20.0,49.0,13.0
한국보습학원,서울특별시 광진구 아차산로 201,37.5417904,127.0660431,440,100.0,100.0,22.0,1757.0,116.0,33.0,16.0
진학학원,서울특별시 광진구 군자로 138,37.553954,127.0746597,165,119.0,119.0,26.0,1105.0,49.0,63.0,13.0
혜민병원부설간호조무사학원,서울특별시 광진구 자양로 81,37.5350613,127.0838543,285,95.0,95.0,43.0,2541.0,89.0,80.0,17.0
탑(Top)고려보습학원,서울특별시 광진구 능동로 373,37.5627248,127.0822682,840,169.0,169.0,61.0,2590.0,107.0,92.0,13.0
서울관악보습학원,서울특별시 광진구 아차산로 635,37.55052450000001,127.1065516,65,45.0,45.0,11.0,717.0,46.0,36.0,6.0
해강학원,서울특별시 광진구 광나루로 621,37.5407819,127.0967829,18,74.0,18.0,220.0,11813.0,183.0,102.0,0.0
가주수학학원,서울특별시 광진구 자양번영로 26,37.5319521,127.0755506,190,169.0,169.0,86.0,3416.0,71.0,55.0,12.0
서울제과제빵조리학원,서울특별시 광진구 아차산로 201,37.5417904,127.0660431,531,177.0,177.0,22.0,1680.0,116.0,33.0,16.0
청운독서실,서울특별시 광진구 자양로26길 31,37.5415764,127.0857397,90,90.0,90.0,49.0,1977.0,71.0,43.0,20.0
스터디엔카페건대입구센터독서실,서울특별시 광진구 능동로 49,37.5358139,127.0683342,110,97.0,97.0,70.0,2829.0,189.0,55.0,5.0
퍼스트요리아카데미건대점학원,서울특별시 광진구 아차산로 238,37.53998,127.0695528,470,216.0,216.0,24.0,1758.0,156.0,28.0,4.0
새이화음악학원,서울특별시 광진구 군자로 138,37.553954,127.0746597,75,12.0,12.0,26.0,1212.0,49.0,63.0,13.0
집중스터디카페앤독서실,서울특별시 광진구 아차산로70길 22,37.5420899,127.1013675,2208,138.0,138.0,88.0,3731.0,70.0,94.0,2.0
중앙보습학원,서울특별시 광진구 영화사로 34,37.55659010000001,127.0905058,80,91.0,80.0,44.0,1300.0,96.0,71.0,12.0
이엠보습학원,서울특별시 광진구 영화사로 59-1,37.5552465,127.0931079,54,60.0,54.0,42.0,1844.0,92.0,65.0,26.0
씨원수학학원,서울특별시 광진구 아차산로 499,37.5424654,127.0962926,50,72.0,50.0,214.0,11462.0,92.0,97.0,0.0
하이스트자양보습학원,서울특별시 광진구 뚝섬로 587,37.5335228,127.0754315,771,100.0,100.0,89.0,3489.0,73.0,55.0,6.0
에페슈즈앤백디자인학원,서울특별시 광진구 아차산로 187,37.5423197,127.0646508,177,59.0,59.0,21.0,1582.0,105.0,21.0,16.0
J.B음악학원,서울특별시 광진구 뚝섬로 489,37.5364865,127.0648626,295,80.0,80.0,32.0,1068.0,180.0,41.0,9.0
샤인영어학원,서울특별시 광진구 아차산로65길 14,37.5410475,127.0940895,106,136.0,106.0,203.0,11450.0,193.0,118.0,2.0
비젼아카데미보습학원,서울특별시 광진구 군자로 80,37.5502628,127.0711262,360,62.0,62.0,19.0,885.0,49.0,67.0,10.0
와이즈만영재보습학원,서울특별시 광진구 광나루로 556,37.5442671,127.0911709,144,173.0,144.0,118.0,6147.0,53.0,52.0,10.0
최고수보습학원,서울특별시 광진구 아차산로 621,37.5484962,127.1072266,290,88.0,88.0,14.0,858.0,61.0,65.0,16.0
대치동에듀케이션보습학원,서울특별시 광진구 긴고랑로13길 47,37.5645849,127.0826232,72,72.0,72.0,58.0,2845.0,112.0,104.0,22.0
한국사관보습학원,서울특별시 광진구 용마산로24길 6,37.5651108,127.0871832,115,96.0,96.0,42.0,2486.0,59.0,60.0,8.0
YBM잉글루자양제1학습관보습학원,서울특별시 광진구 뚝섬로36길 15,37.533733,127.0714588,145,58.0,58.0,108.0,4340.0,140.0,59.0,6.0
올림피아드영재센터보습학원,서울특별시 광진구 자양로 90,37.5358295,127.084207,790,136.0,136.0,35.0,2095.0,98.0,60.0,15.0
제스트영수학원,서울특별시 광진구 광나루로 588,37.5426814,127.0938172,25,77.0,25.0,199.0,11168.0,175.0,81.0,4.0
피아노리음악교습소,서울특별시 광진구 아차산로55길 43-1,37.5393809,127.0863237,45,6.0,6.0,47.0,2460.0,93.0,61.0,15.0
신연세보습학원,서울특별시 광진구 자양로 294-1,37.5518417,127.0924505,60,70.0,60.0,47.0,2245.0,94.0,81.0,24.0
애니벅스미술학원,서울특별시 광진구 능동로 161,37.5452955,127.0727509,720,66.0,66.0,12.0,566.0,124.0,57.0,4.0
엘림피아노교습소,서울특별시 광진구 아차산로21길 50,37.5440955,127.0661041,9,3.0,3.0,22.0,1792.0,122.0,23.0,15.0
잉글리쉬무무자양보습학원,서울특별시 광진구 뚝섬로 558,37.5340724,127.0718277,740,45.0,45.0,108.0,4353.0,150.0,62.0,6.0
HK수학교습소,서울특별시 광진구 구의강변로 45,37.5349817,127.0912558,24,8.0,8.0,29.0,1170.0,175.0,117.0,8.0
최용훈국어광진광장학원,서울특별시 광진구 광나루로54길 6,37.5405539,127.0958609,57,74.0,57.0,222.0,11647.0,185.0,93.0,2.0
더노엠워커힐어학학원,서울특별시 광진구 아차산로 623,37.548496,127.106796,132,90.0,90.0,13.0,806.0,57.0,70.0,18.0
메아리음악교습소,서울특별시 광진구 아차산로44길 36,37.5364604,127.0789832,25,5.0,5.0,50.0,2817.0,49.0,62.0,12.0
이화이레음악학원,서울특별시 광진구 동일로72길 46,37.5653083,127.0799294,540,13.0,13.0,26.0,1044.0,84.0,83.0,26.0
한양음악학원,서울특별시 광진구 아차산로 503,37.5425096,127.0977483,153,15.0,15.0,198.0,10885.0,77.0,99.0,0.0
엠플러스광진학원,서울특별시 광진구 아차산로 494,37.541154,127.0967128,80,123.0,80.0,220.0,11751.0,183.0,103.0,0.0
THN최상위영수학원,서울특별시 광진구 자양로 186,37.5440106,127.0851259,90,100.0,90.0,44.0,1579.0,62.0,29.0,16.0
음악천사피아노교습소,서울특별시 광진구 광나루로40길 93,37.5405466,127.0887217,30,5.0,5.0,82.0,4051.0,186.0,71.0,18.0
에듀프라임학원,서울특별시 광진구 영화사로 64-1,37.5547344,127.0932663,468,91.0,91.0,43.0,1957.0,87.0,71.0,26.0
우리들학원,서울특별시 광진구 용마산로 96,37.5623037,127.0873816,48,96.0,48.0,40.0,2717.0,45.0,66.0,14.0
베스트최현숙학원,서울특별시 광진구 광나루로 620,37.5407033,127.0960559,106,126.0,106.0,223.0,11736.0,184.0,90.0,2.0
피아주르음악교습소,서울특별시 광진구 동일로56길 38,37.5555332,127.0740922,25,7.0,7.0,18.0,1045.0,38.0,84.0,17.0
하모니음악교습소,서울특별시 광진구 구의로16길 68,37.5422944,127.0934762,25,5.0,5.0,206.0,11673.0,173.0,78.0,4.0
수피아노교습소,서울특별시 광진구 뚝섬로36가길 8,37.5321307,127.0710209,2,2.0,2.0,101.0,4224.0,142.0,58.0,5.0
아르떼피아노교습소,서울특별시 광진구 천호대로129길 48,37.5535568,127.0919635,50,5.0,5.0,51.0,2465.0,94.0,81.0,28.0
이화멜로디음악교습소,서울특별시 광진구 뚝섬로56가길 13,37.5285792,127.0834469,40,9.0,9.0,43.0,1621.0,107.0,39.0,6.0
위드맴버스학원,서울특별시 광진구 광나루로 582,37.5430855,127.0933652,100,76.0,76.0,175.0,10794.0,183.0,84.0,6.0
TOP명문보습학원,서울특별시 광진구 뚝섬로 657,37.5316633,127.0826361,235,136.0,136.0,54.0,2299.0,77.0,61.0,8.0
더상승플러스학원,서울특별시 광진구 용마산로 112,37.5636979,127.087144,200,113.0,113.0,46.0,2737.0,70.0,71.0,10.0
구의감각학원,서울특별시 광진구 자양로 162,37.5421002,127.0842633,215,96.0,96.0,40.0,1600.0,70.0,14.0,14.0
세움수학교습소,서울특별시 광진구 능동로13길 70-1,37.544865,127.0692173,50,5.0,5.0,23.0,1656.0,124.0,63.0,8.0
헬리오수학교습소,서울특별시 광진구 아차산로 499,37.5424654,127.0962926,4,2.0,2.0,214.0,11510.0,92.0,97.0,0.0
명장보습학원,서울특별시 광진구 자양번영로 42,37.5333293,127.0759792,589,81.0,81.0,86.0,3338.0,77.0,55.0,6.0
유니센스일대일영어통역학원,서울특별시 광진구 능동로 333,37.5593981,127.0804083,11,76.0,11.0,49.0,1888.0,79.0,113.0,42.0
강한수학교습소,서울특별시 광진구 구의강변로 96,37.5384981,127.0946643,27,9.0,9.0,192.0,10492.0,238.0,133.0,6.0
브레인학원,서울특별시 광진구 능동로47길 7,37.5629294,127.0821809,528,70.0,70.0,61.0,2827.0,105.0,92.0,13.0
참조은예일보습학원,서울특별시 광진구 광나루로 531,37.54512649999999,127.088676,259,15.0,15.0,71.0,3093.0,61.0,36.0,9.0
JLS일본어교습소,서울특별시 광진구 아차산로 498,37.5412812,127.0968001,6,3.0,3.0,219.0,11789.0,100.0,101.0,0.0
모노아트미술교습소,서울특별시 광진구 광나루로 635,37.5406205,127.0986045,24,8.0,8.0,206.0,10452.0,83.0,97.0,0.0
표현영어학원,서울특별시 광진구 구의로16길 93,37.5414759,127.0945981,30,75.0,30.0,210.0,11413.0,186.0,99.0,2.0
뿌리깊은수학나무보습학원,서울특별시 광진구 구의로16길 91,37.5415644,127.0945118,50,66.0,50.0,210.0,11393.0,191.0,100.0,4.0
바스키즈미술학원,서울특별시 광진구 구의강변로 106,37.5399001,127.0948193,71,59.0,59.0,221.0,11689.0,188.0,124.0,4.0
써니이스턴(Sunny EST)영어학원,서울특별시 광진구 자양로 160,37.5418772,127.0842465,45,77.0,45.0,40.0,1651.0,70.0,11.0,14.0
아트센터173미술교습소,서울특별시 광진구 천호대로117길 62,37.5576523,127.0853206,9,3.0,3.0,79.0,2833.0,67.0,63.0,49.0
삼성음악교습소,서울특별시 광진구 아차산로70길 17-17,37.5414998,127.1032682,25,9.0,9.0,57.0,2038.0,11.0,63.0,2.0
경희제일피아노음악교습소,서울특별시 광진구 광나루로30길 35,37.5436828,127.0817666,55,5.0,5.0,26.0,1242.0,38.0,12.0,10.0
뉴프라임피아노교습소,서울특별시 광진구 광나루로56길 29,37.53739729999999,127.0976212,4,2.0,2.0,119.0,5694.0,99.0,90.0,6.0
구의이화음악교습소,서울특별시 광진구 아차산로59길 42,37.5402908,127.0908091,50,5.0,5.0,168.0,9762.0,169.0,105.0,8.0
유토피아수학교습소,서울특별시 광진구 군자로12길 16,37.5510068,127.0719873,35,5.0,5.0,22.0,1125.0,43.0,78.0,10.0
한국가야금교습소,서울특별시 광진구 능동로19길 35,37.5470672,127.071841,27,9.0,9.0,21.0,908.0,108.0,69.0,8.0
라라피아노교습소,서울특별시 광진구 자양번영로11길 35-10,37.5369922,127.0745209,18,1.0,1.0,76.0,3271.0,72.0,55.0,10.0
이미선음악교습소,서울특별시 광진구 자양번영로1길 23,37.5307087,127.0735819,30,9.0,9.0,70.0,3171.0,45.0,38.0,12.0
예림피아노교습소,서울특별시 광진구 광나루로38길 73,37.54160150000001,127.0873097,20,5.0,5.0,56.0,2236.0,105.0,67.0,18.0
비인피아노교습소,서울특별시 광진구 자양로4나길 47,37.530536,127.0888448,2,5.0,2.0,17.0,607.0,103.0,45.0,4.0
디지털컴퓨터교습소,서울특별시 광진구 아차산로 530,37.5419395,127.0996713,50,5.0,5.0,156.0,8383.0,72.0,95.0,0.0
명성피아노교습소,서울특별시 광진구 뚝섬로32길 4,37.5353741,127.0672602,15,5.0,5.0,68.0,2806.0,166.0,48.0,8.0
린음악교습소,서울특별시 광진구 자양로13길 87-1,37.5328441,127.0803767,65,5.0,5.0,92.0,4025.0,84.0,79.0,10.0
모짜르트음악교습소,서울특별시 광진구 뚝섬로32길 23,37.5344676,127.0670898,15,5.0,5.0,69.0,2744.0,145.0,48.0,7.0
예성음악교습소,서울특별시 광진구 자양로30길 14,37.5436321,127.0857079,50,5.0,5.0,49.0,1829.0,67.0,33.0,16.0
새쇼팽피아노교습소,서울특별시 광진구 뚝섬로54길 35,37.5299791,127.0803246,55,5.0,5.0,56.0,2037.0,77.0,43.0,12.0
슬기피아노교습소,서울특별시 광진구 뚝섬로37길 11,37.5350143,127.0716811,6,2.0,2.0,105.0,4314.0,175.0,62.0,7.0
모마미술교습소,서울특별시 광진구 아차산로 522,37.5419395,127.0996713,154,8.0,8.0,156.0,8380.0,72.0,95.0,0.0
소해서예교습소,서울특별시 광진구 광나루로 606,37.5413415,127.0951373,36,9.0,9.0,219.0,11647.0,186.0,88.0,2.0
프레이즈뮤직음악교습소,서울특별시 광진구 천호대로119길 26,37.5560021,127.0862428,70,8.0,8.0,71.0,2422.0,101.0,53.0,47.0
라음피아노음악교습소,서울특별시 광진구 아차산로 549,37.5441452,127.1015274,36,9.0,9.0,70.0,2628.0,32.0,92.0,2.0
양혜원피아노교습소,서울특별시 광진구 자양로32길 72,37.5439803,127.0891598,15,5.0,5.0,82.0,3558.0,61.0,43.0,10.0
송현서당교습소,서울특별시 광진구 영화사로9길 63,37.5571024,127.0940141,5,5.0,5.0,27.0,1085.0,37.0,40.0,2.0
베르디음악교습소,서울특별시 광진구 능동로4길 65,37.5317681,127.0705094,40,5.0,5.0,90.0,3812.0,143.0,56.0,5.0
이성희피아노교습소,서울특별시 광진구 아차산로 552,37.5431583,127.1041888,25,5.0,5.0,34.0,1049.0,36.0,83.0,10.0
위드성신피아노교습소,서울특별시 광진구 자양로22길 24,37.5394904,127.0846921,35,8.0,8.0,47.0,2572.0,83.0,53.0,17.0
다빈치미술교습소,서울특별시 광진구 아차산로44길 35,37.5362959,127.0790291,8,4.0,4.0,50.0,2818.0,52.0,67.0,12.0
메이저수학학원,서울특별시 광진구 자양로3길 59,37.5295743,127.0834717,42,83.0,42.0,47.0,1772.0,121.0,52.0,6.0
박선생과학교습소,서울특별시 광진구 아차산로 464,37.5396198,127.0936261,12,6.0,6.0,209.0,11604.0,231.0,139.0,6.0
덴간호조무사학원,서울특별시 광진구 아차산로 201,37.5417904,127.0660431,560,145.0,145.0,22.0,1712.0,116.0,33.0,16.0
메타스콜레광진학원,서울특별시 광진구 광나루로 590,37.5425759,127.0939174,10,68.0,10.0,201.0,11399.0,174.0,81.0,4.0
매쓰피아수학학원,서울특별시 광진구 광나루로 584,37.54305129999999,127.0935523,81,70.0,70.0,171.0,10840.0,177.0,84.0,6.0
리틀모짜르트피아노교습소,서울특별시 광진구 천호대로136길 43,37.547655,127.0902789,6,2.0,2.0,47.0,2035.0,35.0,60.0,12.0
아주특별한미술시간교습소,서울특별시 광진구 아차산로69길 36,37.5436783,127.0986921,12,6.0,6.0,168.0,9443.0,70.0,101.0,4.0
그림이야기미술교습소,서울특별시 광진구 뚝섬로33길 20,37.5356572,127.0700386,135,9.0,9.0,80.0,3124.0,177.0,54.0,7.0
뉴스트학원,서울특별시 광진구 용마산로5길 47,37.5573412,127.0851373,156,75.0,75.0,75.0,2590.0,61.0,66.0,49.0
국풍2000풀무국어학원,서울특별시 광진구 용마산로 92,37.5618479,127.0874695,136,68.0,68.0,43.0,2841.0,43.0,63.0,12.0
스터디엔카페독서실,서울특별시 광진구 자양로9길 5,37.53367739999999,127.0841031,130,124.0,124.0,54.0,2812.0,81.0,78.0,13.0
비발디피아노음악교습소,서울특별시 광진구 자양로40길 40,37.5472419,127.0908503,100,9.0,9.0,49.0,2166.0,37.0,60.0,10.0
이엔아이음악학원,서울특별시 광진구 구의강변로 88,37.5383844,127.0941201,70,20.0,20.0,190.0,10472.0,240.0,146.0,6.0
광진일관정상어학원,서울특별시 광진구 아차산로 462,37.539496,127.0934178,160,120.0,120.0,207.0,11356.0,228.0,137.0,6.0
은혜피아노학원,서울특별시 광진구 아차산로 499,37.5424654,127.0962926,51,20.0,20.0,214.0,11492.0,92.0,97.0,0.0
발레미학무용학원,서울특별시 광진구 뚝섬로 558,37.5340724,127.0718277,40,63.0,40.0,108.0,4358.0,150.0,62.0,6.0
라온제나반올림음악학원,서울특별시 광진구 뚝섬로 541,37.5349189,127.0703778,120,33.0,33.0,86.0,3256.0,174.0,53.0,7.0
BLS에듀센터영어(Edu Center English)학원,서울특별시 광진구 광나루로 607,37.5419607,127.095718,58,77.0,58.0,215.0,11745.0,186.0,96.0,2.0
에듀뱅크과학국어영어학원,서울특별시 광진구 용마산로 89,37.5615905,127.0870752,24,80.0,24.0,52.0,2941.0,50.0,66.0,12.0
다금바이올린교습소,서울특별시 광진구 광나루로 635,37.5406205,127.0986045,4,4.0,4.0,206.0,10456.0,83.0,97.0,0.0
지엘이씨어학학원,서울특별시 광진구 자양로 90,37.5358295,127.084207,166,260.0,166.0,35.0,2065.0,98.0,60.0,15.0
비바체음악교습소,서울특별시 광진구 자양로 317-1,37.553793,127.0935918,38,9.0,9.0,47.0,2171.0,87.0,77.0,22.0
온탑(ONTOP)학원,서울특별시 광진구 자양번영로 48,37.5337708,127.0761036,40,82.0,40.0,88.0,3559.0,77.0,56.0,11.0
소원서예교습소,서울특별시 광진구 뚝섬로 649,37.5316229,127.0818249,26,8.0,8.0,54.0,2004.0,77.0,61.0,10.0
프리연기학원,서울특별시 광진구 아차산로30길 39,37.53889059999999,127.0673902,40,108.0,40.0,33.0,2142.0,123.0,47.0,15.0
1095보습학원,서울특별시 광진구 광나루로 588,37.5426814,127.0938172,64,101.0,64.0,199.0,11129.0,175.0,81.0,4.0
하늘구름피아노교습소,서울특별시 광진구 뚝섬로58가길 26,37.5304114,127.0833957,24,5.0,5.0,50.0,1876.0,124.0,61.0,6.0
강한학원,서울특별시 광진구 뚝섬로 646,37.5313977,127.0811578,70,92.0,70.0,62.0,2396.0,81.0,61.0,16.0
생각하는미술교습소,서울특별시 광진구 자양로3길 68,37.5295734,127.0829834,15,7.0,7.0,46.0,1805.0,122.0,52.0,10.0
꿈꾸는현대미술교습소,서울특별시 광진구 능동로6길 16,37.5340972,127.0690377,133,7.0,7.0,72.0,2725.0,149.0,48.0,10.0
윤선생영어숲광진보습학원,서울특별시 광진구 뚝섬로 545,37.5347885,127.0712566,324,81.0,81.0,104.0,4077.0,179.0,59.0,7.0
유톡영어교습소,서울특별시 광진구 동일로72길 46,37.5653083,127.0799294,24,8.0,8.0,26.0,1049.0,84.0,83.0,26.0
명인독서실,서울특별시 광진구 뚝섬로56길 29,37.530134,127.0827905,140,70.0,70.0,47.0,1746.0,64.0,55.0,10.0
엠아이파라다이스아트(MIParadiseArt)미술교습소,서울특별시 광진구 광장로3길 2,37.5472723,127.1032178,15,9.0,9.0,24.0,1141.0,55.0,79.0,6.0
네오매쓰수학학원,서울특별시 광진구 구의강변로3길 11,37.5356917,127.0914002,155,92.0,92.0,38.0,1646.0,180.0,120.0,10.0
뉴튼의어깨과학교습소,서울특별시 광진구 뚝섬로 552,37.5342435,127.0712757,12,4.0,4.0,109.0,4398.0,152.0,59.0,7.0
문성중국어교습소,서울특별시 광진구 긴고랑로7길 64,37.5660746,127.0806666,24,4.0,4.0,27.0,1097.0,79.0,88.0,34.0
오채미술학원,서울특별시 광진구 자양로 251,37.5490121,127.0892921,70,47.0,47.0,47.0,1953.0,36.0,63.0,28.0
오름수학교습소,서울특별시 광진구 뚝섬로35길 9,37.5356572,127.0700386,57,4.0,4.0,80.0,3129.0,177.0,54.0,7.0
피엠피(PMP)영어학원,서울특별시 광진구 광나루로 606,37.5413415,127.0951373,69,82.0,69.0,219.0,11587.0,186.0,88.0,2.0
신명음악교습소,서울특별시 광진구 뚝섬로56길 44,37.5294443,127.0825831,20,3.0,3.0,47.0,1813.0,61.0,54.0,12.0
그레이스음악교습소,서울특별시 광진구 자양로51길 59,37.5550462,127.0907077,20,8.0,8.0,53.0,2103.0,103.0,78.0,34.0
샤론피아노교습소,서울특별시 광진구 뚝섬로52라길 36,37.5293246,127.0805285,45,5.0,5.0,48.0,1486.0,69.0,40.0,12.0
홍피아노교습소,서울특별시 광진구 군자로 165,37.5555904,127.076958,12,5.0,5.0,21.0,1204.0,58.0,96.0,48.0
일러스트만화학원,서울특별시 광진구 능동로 347-1,37.5605894,127.0811042,90,30.0,30.0,52.0,1929.0,91.0,98.0,14.0
다솜음악학원,서울특별시 광진구 용마산로7길 30,37.5595393,127.0861376,205,22.0,22.0,88.0,3796.0,68.0,68.0,18.0
에이스원영어학원,서울특별시 광진구 뚝섬로 541,37.5349189,127.0703778,18,71.0,18.0,86.0,3271.0,174.0,53.0,7.0
아트피플미술학원,서울특별시 광진구 광나루로 580,37.5432411,127.0932438,80,58.0,58.0,176.0,10821.0,98.0,82.0,6.0
이황학원,서울특별시 광진구 영화사로 64,37.5548726,127.0930904,264,71.0,71.0,43.0,1977.0,88.0,71.0,26.0
눈높이러닝센터중곡보습학원,서울특별시 광진구 능동로38길 39,37.5572097,127.0819886,1305,75.0,75.0,67.0,1842.0,73.0,80.0,45.0
렛츠에듀편입학원,서울특별시 광진구 능동로13길 39,37.5435023,127.0699004,396,152.0,152.0,23.0,1716.0,163.0,40.0,9.0
자성학원,서울특별시 광진구 뚝섬로 552,37.5342435,127.0712757,98,103.0,98.0,109.0,4304.0,152.0,59.0,7.0
베베궁광진어학원,서울특별시 광진구 아차산로 478,37.540312,127.095016,26,147.0,26.0,221.0,11655.0,188.0,114.0,4.0
홍수현의생각하는아이논술교습소,서울특별시 광진구 광나루로52길 41,37.54036560000001,127.0934778,24,6.0,6.0,210.0,11694.0,215.0,135.0,6.0
윤선생영어숲자양보습학원,서울특별시 광진구 뚝섬로56길 38-1,37.5296497,127.0825596,380,71.0,71.0,47.0,1745.0,64.0,55.0,12.0
GBS학습속독교습소,서울특별시 광진구 뚝섬로 539,37.5350424,127.0700693,75,5.0,5.0,81.0,2924.0,174.0,48.0,7.0
파랑키즈어학원,서울특별시 광진구 동일로20길 20,37.5411181,127.0647455,1440,158.0,158.0,17.0,1487.0,77.0,21.0,14.0
올림픽심슨어학원,서울특별시 광진구 광나루로 603,37.5420151,127.0955975,480,164.0,164.0,214.0,11501.0,186.0,98.0,2.0
아발론랭콘광진어학원,서울특별시 광진구 광나루로 602,37.5417868,127.0946996,976,140.0,140.0,209.0,11295.0,186.0,96.0,4.0
에듀코치개별지도구의학원,서울특별시 광진구 광나루로 600,37.5419375,127.0945505,1050,101.0,101.0,210.0,11342.0,188.0,96.0,4.0
센띠아모음악학원,서울특별시 광진구 능동로6길 22,37.534056,127.0692057,250,15.0,15.0,72.0,2717.0,149.0,48.0,10.0
자양에듀플렉스보습학원,서울특별시 광진구 자양번영로 46,37.5336367,127.0760645,480,73.0,73.0,87.0,3423.0,77.0,56.0,11.0
음악에끌림음악교습소,서울특별시 광진구 자양번영로 47-3,37.5338199,127.0754885,16,4.0,4.0,95.0,3971.0,69.0,56.0,11.0
광진ELC어학원,서울특별시 광진구 광나루로 608,37.541167,127.0953041,116,96.0,96.0,218.0,11416.0,186.0,89.0,2.0
아트인마인드미술교습소,서울특별시 광진구 아차산로 552,37.5431583,127.1041888,15,9.0,9.0,34.0,1045.0,36.0,83.0,10.0
선진영어학원,서울특별시 광진구 용마산로 85,37.5612688,127.0871376,30,71.0,30.0,53.0,3010.0,43.0,66.0,12.0
중곡예화음악학원,서울특별시 광진구 능동로49길 19,37.5644802,127.0822388,190,20.0,20.0,52.0,2636.0,99.0,101.0,22.0
리더스영어학원,서울특별시 광진구 아차산로 461,37.5398941,127.0932358,100,72.0,72.0,207.0,11346.0,233.0,135.0,6.0
체리힐아카데미어학원,서울특별시 광진구 아차산로 431,37.538653,127.0901794,58,50.0,50.0,84.0,3770.0,192.0,102.0,12.0
광진커피바리스타학원,서울특별시 광진구 아차산로 431,37.538653,127.0901794,530,61.0,61.0,84.0,3759.0,192.0,102.0,12.0
티에스과학교습소,서울특별시 광진구 아차산로65길 9,37.54070859999999,127.0941005,20,4.0,4.0,213.0,11835.0,193.0,118.0,4.0
하트앤아트미술교습소,서울특별시 광진구 아차산로42길 31,37.5360708,127.0789478,15,5.0,5.0,53.0,2894.0,54.0,66.0,12.0
탑브레인보습학원,서울특별시 광진구 자양로 242,37.5479471,127.0888685,88,73.0,73.0,46.0,1953.0,36.0,57.0,12.0
초중자기주도학습학원,서울특별시 광진구 광나루로 602,37.5417868,127.0946996,40,76.0,40.0,209.0,11395.0,186.0,96.0,4.0
강샘우샘영수보습학원,서울특별시 광진구 천호대로 698,37.5491667,127.0916109,165,74.0,74.0,50.0,1958.0,44.0,58.0,22.0
에콜로지에미술교습소,서울특별시 광진구 아차산로70길 26,37.54196659999999,127.1011914,90,9.0,9.0,95.0,4547.0,70.0,97.0,2.0
강의하는아이들수학교습소,서울특별시 광진구 광나루로 608,37.541167,127.0953041,15,9.0,9.0,218.0,11503.0,186.0,89.0,2.0
강선생수학교습소,서울특별시 광진구 동일로72길 30,37.5655542,127.0792109,6,3.0,3.0,26.0,1054.0,81.0,84.0,28.0
팝콘수학교습소,서울특별시 광진구 긴고랑로30길 45,37.5577447,127.087232,12,3.0,3.0,83.0,2787.0,99.0,59.0,49.0
잼실용음악학원,서울특별시 광진구 능동로 259,37.5533554,127.0770477,300,74.0,74.0,17.0,819.0,46.0,57.0,4.0
이챕터스보습학원,서울특별시 광진구 아차산로 477,37.540732,127.094682,60,76.0,60.0,221.0,11621.0,188.0,105.0,4.0
YBM시사주니어영어교습소,서울특별시 광진구 천호대로113길 7,37.5576532,127.0831378,161,7.0,7.0,66.0,1951.0,75.0,75.0,53.0
군자해법수학교습소,서울특별시 광진구 군자로12길 46,37.5512693,127.0726281,18,6.0,6.0,23.0,1081.0,38.0,72.0,10.0
카페플래닝커피학원,서울특별시 광진구 자양로 124,37.5387558,127.0835682,130,85.0,85.0,40.0,2200.0,74.0,42.0,17.0
명문고려보습학원,서울특별시 광진구 능동로 372,37.56239670000001,127.0826701,855,118.0,118.0,66.0,2944.0,88.0,95.0,13.0
광진전문가집단보습학원,서울특별시 광진구 용마산로 111,37.5635935,127.0866729,530,72.0,72.0,46.0,2778.0,74.0,71.0,10.0
닥터엠수학교습소,서울특별시 광진구 아차산로 552,37.5431583,127.1041888,32,4.0,4.0,34.0,1050.0,36.0,83.0,10.0
광진영재보습학원,서울특별시 광진구 자양번영로 18,37.5311623,127.0753313,60,73.0,60.0,73.0,3167.0,73.0,52.0,12.0
시그마보습학원,서울특별시 광진구 아차산로 479,37.5408115,127.0948355,60,69.0,60.0,221.0,11621.0,188.0,104.0,4.0
모네의정원미술교습소,서울특별시 광진구 자양로22길 24,37.5394904,127.0846921,45,5.0,5.0,47.0,2575.0,83.0,53.0,17.0
위드써니보습학원,서울특별시 광진구 광나루로54길 6,37.5405539,127.0958609,138,69.0,69.0,222.0,11635.0,185.0,93.0,2.0
제이아카데미학원,서울특별시 광진구 아차산로69길 8,37.5425891,127.0984974,180,0.0,0.0,191.0,10613.0,72.0,98.0,0.0
소리엘음악학원,서울특별시 광진구 능동로6길 16,37.5340972,127.0690377,450,49.0,49.0,72.0,2683.0,149.0,48.0,10.0
디딤돌미술학원,서울특별시 광진구 자양번영로 23-1,37.5318399,127.0750585,45,57.0,45.0,79.0,3315.0,69.0,52.0,12.0
동그라미미술교습소,서울특별시 광진구 뚝섬로36가길 6,37.5322217,127.0709095,12,7.0,7.0,101.0,4219.0,146.0,59.0,7.0
매썬스수학과학보습학원,서울특별시 광진구 아차산로69길 8,37.5425891,127.0984974,172,69.0,69.0,191.0,10544.0,72.0,98.0,0.0
와이비엠건대어학원,서울특별시 광진구 아차산로 229,37.54081559999999,127.0690315,1295,294.0,294.0,27.0,1711.0,176.0,31.0,13.0
웅진씽크빅중곡학원,서울특별시 광진구 용마산로24길 14,37.5651577,127.0876054,220,70.0,70.0,41.0,2394.0,59.0,59.0,8.0
광진구주이배수학보습학원,서울특별시 광진구 광나루로 603,37.5420151,127.0955975,170,296.0,170.0,214.0,11495.0,186.0,98.0,2.0
독카실용음악학원,서울특별시 광진구 뚝섬로 523,37.5355675,127.0681911,10,50.0,10.0,71.0,2744.0,188.0,51.0,8.0
와이리더스컴퓨터학원,서울특별시 광진구 능동로 339,37.5599223,127.0807312,278,53.0,53.0,50.0,1908.0,90.0,109.0,42.0
자양신양해법수학교습소,서울특별시 광진구 능동로6길 22,37.534056,127.0692057,6,2.0,2.0,72.0,2730.0,149.0,48.0,10.0
레인메이커보습학원,서울특별시 광진구 뚝섬로 539,37.5350424,127.0700693,150,95.0,95.0,81.0,2834.0,174.0,48.0,7.0
시냇가에심은나무미술학원,서울특별시 광진구 광나루로54길 9,37.5402018,127.095901,32,53.0,32.0,218.0,11480.0,185.0,102.0,4.0
생각또질문철학논술교습소,서울특별시 광진구 구의강변로 96,37.5384981,127.0946643,29,6.0,6.0,192.0,10495.0,238.0,133.0,6.0
이튼클래스보습학원,서울특별시 광진구 뚝섬로 541,37.5349189,127.0703778,550,145.0,145.0,86.0,3144.0,174.0,53.0,7.0
아담리즈수학광진직영학원,서울특별시 광진구 구의강변로 106,37.5399001,127.0948193,56,80.0,56.0,221.0,11692.0,188.0,124.0,4.0
서림학원,서울특별시 광진구 면목로 149,37.5667137,127.0815406,56,68.0,56.0,29.0,1058.0,97.0,94.0,24.0
에프엑스수학교습소,서울특별시 광진구 아차산로 530,37.5419395,127.0996713,30,5.0,5.0,156.0,8383.0,72.0,95.0,0.0
광진이은재어학학원,서울특별시 광진구 아차산로 478,37.540312,127.095016,925,50.0,50.0,221.0,11631.0,188.0,114.0,4.0
엠아이실용음악학원,서울특별시 광진구 광나루로56길 63,37.53739729999999,127.0976212,3,49.0,3.0,119.0,5693.0,99.0,90.0,6.0
브랜뉴실용음악학원,서울특별시 광진구 아차산로 360,37.5364337,127.0826331,225,30.0,30.0,29.0,1893.0,68.0,42.0,13.0
비더원영어학원,서울특별시 광진구 광나루로 582,37.5430855,127.0933652,112,180.0,112.0,175.0,10758.0,183.0,84.0,6.0
하이클래스영어보습학원,서울특별시 광진구 뚝섬로58길 5,37.5316134,127.0842526,40,75.0,40.0,59.0,2449.0,150.0,63.0,8.0
행복한제자들수학교습소,서울특별시 광진구 용마산로 160,37.5678471,127.0863908,24,4.0,4.0,22.0,1532.0,71.0,85.0,6.0
튜터링랩(TutoringLAB)학원,서울특별시 광진구 자양로 163,37.5422422,127.0837783,472,70.0,70.0,39.0,1621.0,64.0,12.0,12.0
드림아트우리들미술교습소,서울특별시 광진구 뚝섬로 541,37.5349189,127.0703778,27,9.0,9.0,86.0,3280.0,174.0,53.0,7.0
아이노미술학원,서울특별시 광진구 아차산로69길 6,37.5423625,127.098436,12,52.0,12.0,192.0,10607.0,72.0,98.0,0.0
해법중마영어교습소,서울특별시 광진구 동일로72길 42,37.5653782,127.0797526,60,6.0,6.0,26.0,1051.0,84.0,82.0,26.0
안티영어학원,서울특별시 광진구 아차산로 491,37.5418283,127.0959883,100,88.0,88.0,215.0,11579.0,186.0,98.0,0.0
일등수학뮤엠영어학원,서울특별시 광진구 동일로72길 10,37.5659496,127.0781452,375,71.0,71.0,24.0,699.0,68.0,54.0,32.0
늘봄미술교습소,서울특별시 광진구 용마산로7길 30,37.5595393,127.0861376,98,7.0,7.0,88.0,3811.0,68.0,68.0,18.0
논리&표현논술교습소,서울특별시 광진구 천호대로113길 5,37.5575368,127.0830728,35,5.0,5.0,66.0,1953.0,75.0,75.0,53.0
비엠에스(BMS)수학보습학원,서울특별시 광진구 용마산로 46,37.5576487,127.0882603,50,75.0,50.0,68.0,1823.0,100.0,47.0,14.0
연세법학원,서울특별시 광진구 천호대로 590,37.555382,127.0830775,1100,75.0,75.0,60.0,1625.0,63.0,54.0,47.0
밸런스뮤직실용음악학원,서울특별시 광진구 천호대로 553,37.5573989,127.0799164,540,61.0,61.0,59.0,1946.0,74.0,84.0,42.0
블루버드아트미술학원,서울특별시 광진구 능동로6길 16,37.5340972,127.0690377,66,56.0,56.0,72.0,2676.0,149.0,48.0,10.0
위너스영어학원,서울특별시 광진구 군자로 84,37.5505216,127.071161,140,73.0,73.0,21.0,1005.0,46.0,68.0,10.0
오디션벨아카데미학원,서울특별시 광진구 광나루로 496,37.5448591,127.0844899,93,409.0,93.0,39.0,1492.0,48.0,15.0,8.0
그린미술교습소,서울특별시 광진구 아차산로36길 35,37.5363514,127.0745967,84,6.0,6.0,82.0,3664.0,75.0,49.0,10.0
빡쎈위드교육학원,서울특별시 광진구 광나루로 580,37.5432411,127.0932438,196,0.0,0.0,176.0,10879.0,98.0,82.0,6.0
차선생영어교습소,서울특별시 광진구 아차산로 522,37.5419395,127.0996713,24,9.0,9.0,156.0,8379.0,72.0,95.0,0.0
구의미술로생각하기학원,서울특별시 광진구 광나루로 584,37.54305129999999,127.0935523,10,30.0,10.0,171.0,10900.0,177.0,84.0,6.0
해법삼성보습학원,서울특별시 광진구 용마산로3길 98,37.5573684,127.0829801,1060,70.0,70.0,66.0,1888.0,74.0,75.0,51.0
셀파우등생보습학원,서울특별시 광진구 군자로 83,37.5505861,127.0708846,45,78.0,45.0,19.0,902.0,45.0,68.0,10.0
비상매쓰캔수학교습소,서울특별시 광진구 용마산로3길 98,37.5573684,127.0829801,54,9.0,9.0,66.0,1949.0,74.0,75.0,51.0
크레버스영재교육센터광진제1지점학원,서울특별시 광진구 광나루로 603,37.5420151,127.0955975,100,120.0,100.0,214.0,11565.0,186.0,98.0,2.0
뮤엘음악교습소,서울특별시 광진구 뚝섬로52가길 42,37.5307311,127.0814715,25,5.0,5.0,53.0,1846.0,79.0,60.0,16.0
지원수학교습소,서울특별시 광진구 뚝섬로37길 11,37.5350143,127.0716811,63,9.0,9.0,105.0,4307.0,175.0,62.0,7.0
푸른꿈보습학원,서울특별시 광진구 천호대로111길 35,37.557918,127.0825732,215,74.0,74.0,66.0,1952.0,76.0,96.0,50.0
에듀플러스보습학원,서울특별시 광진구 뚝섬로 535,37.5351115,127.0696917,170,71.0,71.0,79.0,2846.0,178.0,48.0,10.0
광진심슨어학보습학원,서울특별시 광진구 광나루로 604,37.5415728,127.0949101,780,280.0,280.0,209.0,11247.0,186.0,91.0,2.0
김은미수학교습소,서울특별시 광진구 자양로26길 61,37.5409948,127.0874042,35,5.0,5.0,51.0,2006.0,185.0,64.0,18.0
해법영어교습소,서울특별시 광진구 자양번영로2길 26,37.5301694,127.0763777,16,4.0,4.0,56.0,2195.0,78.0,40.0,14.0
광진뮤엠영어학원,서울특별시 광진구 자양로50길 8,37.5518766,127.0927995,80,72.0,72.0,42.0,2137.0,91.0,87.0,24.0
더피아노교습소,서울특별시 광진구 용마산로22길 11-5,37.5638394,127.0875682,32,9.0,9.0,46.0,2841.0,65.0,67.0,10.0
다빈치키드미술교습소,서울특별시 광진구 뚝섬로37길 11,37.5350143,127.0716811,54,9.0,9.0,105.0,4307.0,175.0,62.0,7.0
런던인예술미술교습소,서울특별시 광진구 아차산로70길 61,37.5397145,127.1000979,91,7.0,7.0,142.0,6498.0,80.0,69.0,0.0
책과크는아이들논술교습소,서울특별시 광진구 뚝섬로35길 9,37.5356572,127.0700386,36,9.0,9.0,80.0,3124.0,177.0,54.0,7.0
생생중국어교습소,서울특별시 광진구 아차산로 499,37.5424654,127.0962926,27,9.0,9.0,214.0,11503.0,92.0,97.0,0.0
델타수학교습소,서울특별시 광진구 면목로 141-1,37.566157,127.0811999,99,9.0,9.0,29.0,1105.0,97.0,103.0,34.0
나룰음악학원,서울특별시 광진구 뚝섬로36길 18,37.5334492,127.0704997,200,46.0,46.0,106.0,4331.0,140.0,59.0,9.0
강남컴퓨터학원,서울특별시 광진구 자양로50길 33-1,37.5524022,127.0941511,18,49.0,18.0,37.0,1946.0,54.0,78.0,24.0
참수학교습소,서울특별시 광진구 뚝섬로36길 14,37.53376069999999,127.0712458,36,9.0,9.0,108.0,4379.0,137.0,59.0,9.0
자양어린이바둑교습소,서울특별시 광진구 자양번영로 44,37.5335142,127.0760091,32,8.0,8.0,86.0,3419.0,77.0,55.0,6.0
국풀국어다올학원,서울특별시 광진구 광나루로 590,37.5425759,127.0939174,114,70.0,70.0,201.0,11339.0,174.0,81.0,4.0
조이피아노음악교습소,서울특별시 광진구 아차산로 530,37.5419395,127.0996713,42,6.0,6.0,156.0,8382.0,72.0,95.0,0.0
점프업수학교습소,서울특별시 광진구 자양번영로6길 26,37.5320493,127.0769525,27,9.0,9.0,65.0,2409.0,86.0,53.0,14.0
제이든팝송영어교습소,서울특별시 광진구 광나루로32길 5,37.5448069,127.0837707,13,9.0,9.0,36.0,1397.0,39.0,18.0,8.0
해법광장아카데미영어교습소,서울특별시 광진구 아차산로 499,37.5424654,127.0962926,63,9.0,9.0,214.0,11503.0,92.0,97.0,0.0
청구이화어학원,서울특별시 광진구 아차산로 503-23,37.5424654,127.0962926,94,80.0,80.0,214.0,11432.0,92.0,97.0,0.0
수인비초중등관학원,서울특별시 광진구 용마산로 114,37.5638778,127.0871117,280,68.0,68.0,46.0,2782.0,66.0,75.0,10.0
상상공간미술이야기미술학원,서울특별시 광진구 능동로4길 71,37.5317118,127.0707183,41,55.0,41.0,89.0,3755.0,140.0,56.0,5.0
오성컴퓨터교습소,서울특별시 광진구 뚝섬로36가길 15,37.5322136,127.0716289,55,9.0,9.0,102.0,4179.0,140.0,59.0,7.0
더랩(THE LAB)100℃영어교습소,서울특별시 광진구 자양로 245,37.54851,127.0887796,24,9.0,9.0,46.0,1929.0,33.0,63.0,28.0
자양심슨어학학원,서울특별시 광진구 뚝섬로 552,37.5342435,127.0712757,900,296.0,296.0,109.0,4106.0,152.0,59.0,7.0
밀알국어교습소,서울특별시 광진구 광나루로54길 83,37.5376527,127.0944389,9,9.0,9.0,169.0,8847.0,233.0,133.0,6.0
음악숲음악교습소,서울특별시 광진구 뚝섬로46길 53,37.5303763,127.0764387,13,5.0,5.0,57.0,2202.0,80.0,40.0,14.0
M2M수학교습소,서울특별시 광진구 뚝섬로56길 14,37.5308633,127.0824316,18,9.0,9.0,50.0,1916.0,70.0,58.0,8.0
열리는수학교습소,서울특별시 광진구 뚝섬로 520-1,37.5353025,127.0679524,40,8.0,8.0,70.0,2743.0,155.0,48.0,10.0
라온국어보습학원,서울특별시 광진구 아차산로 471,37.5404134,127.0939444,190,30.0,30.0,212.0,11746.0,196.0,131.0,6.0
닥터정이클래스광진구의보습학원,서울특별시 광진구 아차산로69길 8,37.5425891,127.0984974,240,70.0,70.0,191.0,10543.0,72.0,98.0,0.0
상상스튜디오미술교습소,서울특별시 광진구 긴고랑로1길 39,37.5657316,127.078063,15,9.0,9.0,25.0,930.0,68.0,55.0,28.0
엘리트랭귀지센터어학원,서울특별시 광진구 능동로 239,37.55171199999999,127.0763045,200,297.0,200.0,23.0,944.0,43.0,39.0,6.0
기틀수학보습학원,서울특별시 광진구 뚝섬로52길 13,37.5313052,127.0794528,90,60.0,60.0,84.0,3342.0,89.0,54.0,12.0
범연기학원,서울특별시 광진구 능동로13길 39,37.5435023,127.0699004,32,16.0,16.0,23.0,1852.0,163.0,40.0,9.0
보이스코드실용음악학원,서울특별시 광진구 면목로 32,37.55686499999999,127.0764746,13,50.0,13.0,20.0,1010.0,63.0,93.0,27.0
바라크미술교습소,서울특별시 광진구 용마산로3길 95,37.5571534,127.0829477,16,9.0,9.0,66.0,1949.0,74.0,74.0,51.0
영어종결자학원,서울특별시 광진구 자양번영로 20,37.531379,127.0753883,120,70.0,70.0,73.0,3157.0,76.0,53.0,12.0
튼튼영어마스터클럽광진중곡보습학원,서울특별시 광진구 영화사로 27,37.5572099,127.0903069,250,71.0,71.0,45.0,1315.0,95.0,63.0,10.0
한울독서실,서울특별시 광진구 천호대로137길 9,37.5494558,127.0928372,50,50.0,50.0,46.0,1963.0,37.0,53.0,24.0
댄스필리아댄스스포츠학원,서울특별시 광진구 천호대로 571,37.5566995,127.0816783,81,90.0,81.0,68.0,1990.0,72.0,81.0,47.0
동심음악교습소,서울특별시 광진구 천호대로111길 57,37.5588055,127.083054,60,6.0,6.0,71.0,2503.0,71.0,90.0,42.0
해법구의아카데미보습학원,서울특별시 광진구 광나루로30길 37,37.5435372,127.0816888,117,75.0,75.0,26.0,1172.0,38.0,12.0,10.0
거짓말같은기적연기학원,서울특별시 광진구 능동로 338,37.5594924,127.0810349,48,107.0,48.0,57.0,2030.0,83.0,105.0,42.0
늘푸른수학원,서울특별시 광진구 아차산로 471,37.5404134,127.0939444,450,129.0,129.0,212.0,11647.0,196.0,131.0,6.0
홍익화실미술학원,서울특별시 광진구 뚝섬로 510,37.53551580000001,127.0669432,170,55.0,55.0,64.0,2662.0,166.0,45.0,8.0
더프라임(The Prime)수학학원,서울특별시 광진구 아차산로 461,37.5398941,127.0932358,160,74.0,74.0,207.0,11344.0,233.0,135.0,6.0
예지원음악교습소,서울특별시 광진구 용마산로3길 82,37.5570503,127.0838135,15,5.0,5.0,64.0,1915.0,69.0,73.0,51.0
폴린뮤직학원,서울특별시 광진구 능동로13길 39,37.5435023,127.0699004,460,30.0,30.0,23.0,1838.0,163.0,40.0,9.0
고릴라잉글리쉬영어교습소,서울특별시 광진구 자양로3길 68,37.5295734,127.0829834,27,9.0,9.0,46.0,1803.0,122.0,52.0,10.0
고릴라크루댄스학원,서울특별시 광진구 구의로 6,37.538514,127.0893773,180,100.0,100.0,63.0,2815.0,188.0,90.0,8.0
웅진씽크빅학습센터대원학원,서울특별시 광진구 용마산로 116,37.5640446,127.087083,220,90.0,90.0,44.0,2731.0,66.0,76.0,10.0
토즈스터디센터광장독서실,서울특별시 광진구 광나루로 620,37.5407033,127.0960559,1319,168.0,168.0,223.0,11674.0,184.0,90.0,2.0
(Poly)광진폴리어학원,서울특별시 광진구 자양로 113,37.5378865,127.0829817,336,150.0,150.0,35.0,2165.0,58.0,37.0,17.0
대원킨더아카데미어학원,서울특별시 광진구 용마산로22길 28,37.5639248,127.0884984,226,209.0,209.0,36.0,2111.0,51.0,54.0,6.0
광진피케이독학학원,서울특별시 광진구 아차산로 457,37.5396506,127.0928649,220,100.0,100.0,189.0,11150.0,233.0,131.0,8.0
진음악교습소,서울특별시 광진구 용마산로3길 19,37.5560598,127.086913,15,5.0,5.0,75.0,2445.0,98.0,53.0,47.0
선과색미술학원,서울특별시 광진구 천호대로 677,37.5508152,127.0907388,380,150.0,150.0,51.0,2042.0,90.0,61.0,22.0
진명보습학원,서울특별시 광진구 광나루로 590,37.5425759,127.0939174,126,75.0,75.0,201.0,11334.0,174.0,81.0,4.0
멘토링수학교습소,서울특별시 광진구 영화사로3길 18,37.5576478,127.0910869,121,9.0,9.0,38.0,1203.0,54.0,54.0,10.0
제스트연기학원,서울특별시 광진구 자양로 149,37.5411537,127.0833362,30,73.0,30.0,41.0,1872.0,70.0,18.0,10.0
써밋뮤지션음악학원,서울특별시 광진구 긴고랑로29길 39,37.5616697,127.0863785,170,57.0,57.0,55.0,2939.0,58.0,66.0,14.0
엘리트영재보습학원,서울특별시 광진구 광나루로46길 3,37.5434518,127.0929563,121,70.0,70.0,172.0,10755.0,42.0,75.0,6.0
이지에이아카데미학원,서울특별시 광진구 능동로 264,37.5535051,127.0778422,40,47.0,40.0,19.0,1001.0,43.0,67.0,37.0
물고기미술교습소,서울특별시 광진구 구의강변로 87,37.5384956,127.0936405,18,9.0,9.0,192.0,10492.0,245.0,145.0,6.0
혜윰국어교습소,서울특별시 광진구 자양로 246,37.5483357,127.0892117,8,9.0,8.0,49.0,2142.0,33.0,65.0,28.0
청담이레수학교습소,서울특별시 광진구 뚝섬로 504-1,37.5357644,127.0662048,8,4.0,4.0,52.0,2042.0,162.0,44.0,8.0
빅토리미술교습소,서울특별시 광진구 광나루로56길 32,37.5386271,127.0958742,21,7.0,7.0,197.0,10302.0,210.0,112.0,6.0
노꿈아주산교습소,서울특별시 광진구 아차산로70길 62,37.5406205,127.0986045,21,7.0,7.0,206.0,10453.0,83.0,97.0,0.0
문제해결수학교습소,서울특별시 광진구 광나루로38길 73,37.54160150000001,127.0873097,8,4.0,4.0,56.0,2237.0,105.0,67.0,18.0
이승문의언어의발견학원,서울특별시 광진구 아차산로49길 41-5,37.5387246,127.0839647,60,103.0,60.0,37.0,2306.0,72.0,54.0,17.0
스카이영어수학학원,서울특별시 광진구 군자로 85-1,37.55091530000001,127.0709417,100,73.0,73.0,21.0,1005.0,45.0,60.0,10.0
톡톡학원,서울특별시 광진구 아차산로 294,37.5382134,127.0755469,544,115.0,115.0,27.0,693.0,72.0,23.0,10.0
광장영어교습소,서울특별시 광진구 아차산로65길 9,37.54070859999999,127.0941005,10,7.0,7.0,213.0,11832.0,193.0,118.0,4.0
그라쯔음악교습소,서울특별시 광진구 자양로3길 61,37.5295231,127.083325,14,6.0,6.0,47.0,1808.0,121.0,52.0,6.0
창조수학학원,서울특별시 광진구 광나루로 584,37.54305129999999,127.0935523,105,74.0,74.0,171.0,10836.0,177.0,84.0,6.0
건대위드피아노학원,서울특별시 광진구 아차산로 191,37.5420462,127.0651456,65,23.0,23.0,22.0,1834.0,110.0,21.0,16.0
메이킹학원,서울특별시 광진구 아차산로 294,37.5382134,127.0755469,52,92.0,52.0,27.0,756.0,72.0,23.0,10.0
자올독서논술교습소,서울특별시 광진구 자양로3길 68,37.5295734,127.0829834,33,3.0,3.0,46.0,1809.0,122.0,52.0,10.0
라임(Lime)학원,서울특별시 광진구 자양로15길 46,37.5354942,127.0811465,340,69.0,69.0,42.0,2564.0,55.0,80.0,16.0
에이피(A?P)아트센터미술학원,서울특별시 광진구 광나루로 590,37.5425759,127.0939174,66,106.0,66.0,201.0,11343.0,174.0,81.0,4.0
광진델타수학보습학원,서울특별시 광진구 아차산로 345,37.5377045,127.0815286,48,71.0,48.0,26.0,1706.0,60.0,35.0,20.0
생각하는황소광진학원,서울특별시 광진구 구의강변로 106,37.5399001,127.0948193,30,70.0,30.0,221.0,11718.0,188.0,124.0,4.0
수학의신학원,서울특별시 광진구 광나루로 621,37.5407819,127.0967829,90,77.0,77.0,220.0,11754.0,183.0,102.0,0.0
이쌤수학교습소,서울특별시 광진구 용마산로22길 11-5,37.5638394,127.0875682,18,9.0,9.0,46.0,2841.0,65.0,67.0,10.0
더쎈수학교습소,서울특별시 광진구 천호대로138길 52,37.547018,127.0917055,5,5.0,5.0,61.0,2948.0,35.0,58.0,12.0
토크스테이션원격학원,서울특별시 광진구 능동로 275-1,37.5546997,127.077762,300,0.0,0.0,25.0,1514.0,62.0,81.0,39.0
수캠프수학학원,서울특별시 광진구 광나루로 584,37.54305129999999,127.0935523,120,70.0,70.0,171.0,10840.0,177.0,84.0,6.0
한국모델리스트패턴학원,서울특별시 광진구 아차산로 431,37.538653,127.0901794,560,82.0,82.0,84.0,3738.0,192.0,102.0,12.0
더채움수학전문학원,서울특별시 광진구 아차산로73길 44,37.5466961,127.1026265,350,73.0,73.0,22.0,1024.0,45.0,87.0,2.0
쇼타임스쿨학원,서울특별시 광진구 아차산로 324,37.5373962,127.0787717,122,79.0,79.0,30.0,1209.0,36.0,34.0,16.0
박희영수학교습소,서울특별시 광진구 능동로4길 38,37.5321852,127.0690312,30,9.0,9.0,71.0,2573.0,141.0,45.0,9.0
능동e해법수학교습소,서울특별시 광진구 천호대로116길 14,37.5545176,127.0838038,56,7.0,7.0,56.0,1631.0,94.0,35.0,47.0
해법엘리트영어교습소,서울특별시 광진구 동일로72길 42,37.5653782,127.0797526,60,6.0,6.0,26.0,1051.0,84.0,82.0,26.0
더(THE)칸트수학고등학습관학원,서울특별시 광진구 아차산로 484,37.540724,127.0956717,16,70.0,16.0,218.0,11496.0,187.0,89.0,2.0
더클래스(Theclass)영어교습소,서울특별시 광진구 광나루로36길 72,37.5418065,127.085491,8,9.0,8.0,48.0,1959.0,70.0,36.0,16.0
더(THE)칸트수학학원,서울특별시 광진구 아차산로 484,37.540724,127.0956717,18,85.0,18.0,218.0,11494.0,187.0,89.0,2.0
수학의달인구의점수학교습소,서울특별시 광진구 천호대로136길 46,37.54776349999999,127.0900713,48,8.0,8.0,49.0,2142.0,35.0,59.0,12.0
아트그로우미술교습소,서울특별시 광진구 아차산로 549,37.5441452,127.1015274,30,6.0,6.0,70.0,2631.0,32.0,92.0,2.0
유병환애견미용학원,서울특별시 광진구 아차산로 621,37.5484962,127.1072266,150,105.0,105.0,14.0,841.0,61.0,65.0,16.0
리딩오션광진&중국어학원,서울특별시 광진구 광나루로 608,37.541167,127.0953041,40,70.0,40.0,218.0,11472.0,186.0,89.0,2.0
노리미술교습소,서울특별시 광진구 긴고랑로29길 39,37.5616697,127.0863785,20,5.0,5.0,55.0,2991.0,58.0,66.0,14.0
아이비티영어교습소,서울특별시 광진구 천호대로119길 57,37.5574184,127.0857811,42,6.0,6.0,73.0,2508.0,106.0,59.0,49.0
위(We)양쌤수학교습소,서울특별시 광진구 광나루로 606,37.5413415,127.0951373,21,3.0,3.0,219.0,11653.0,186.0,88.0,2.0
아그네스영어교습소,서울특별시 광진구 아차산로21길 47,37.54450629999999,127.0658448,12,6.0,6.0,21.0,1725.0,86.0,26.0,15.0
에스투(S2)솔루션수학과학학원,서울특별시 광진구 광나루로 582,37.5430855,127.0933652,132,76.0,76.0,175.0,10794.0,183.0,84.0,6.0
라이즈더네이처아카데미학원,서울특별시 광진구 자양로50길 84,37.5530283,127.0969846,216,268.0,216.0,14.0,523.0,28.0,43.0,18.0
그린램프라이브러리광장캠퍼스독서실,서울특별시 광진구 아차산로 471,37.5404134,127.0939444,206,103.0,103.0,212.0,11673.0,196.0,131.0,6.0
이투스247서울광진점학원,서울특별시 광진구 아차산로 471,37.5404134,127.0939444,2120,167.0,167.0,212.0,11609.0,196.0,131.0,6.0
뉴옥스포드보습학원,서울특별시 광진구 뚝섬로36길 53,37.5320996,127.0703949,260,72.0,72.0,95.0,3869.0,146.0,59.0,7.0
광장동해법중국어학원,서울특별시 광진구 아차산로 493,37.5417983,127.0961971,120,80.0,80.0,213.0,11577.0,186.0,104.0,0.0
한우리논술교습소,서울특별시 광진구 뚝섬로46길 67,37.5298034,127.0762667,3,3.0,3.0,55.0,2186.0,59.0,37.0,12.0
4%사회탐구사회교습소,서울특별시 광진구 아차산로 484,37.540724,127.0956717,14,7.0,7.0,218.0,11505.0,187.0,89.0,2.0
메이리피아노음악교습소,서울특별시 광진구 아차산로70길 61,37.5397145,127.1000979,16,2.0,2.0,142.0,6503.0,80.0,69.0,0.0
플랜에이카페와독서실,서울특별시 광진구 아차산로 613,37.5478084,127.106495,531,89.0,89.0,13.0,807.0,55.0,71.0,20.0
매쏘드(Mathod)수학교습소,서울특별시 광진구 천호대로129길 48,37.5535568,127.0919635,14,4.0,4.0,51.0,2466.0,94.0,81.0,28.0
카이스트수학교습소,서울특별시 광진구 자양번영로3길 38-21,37.532629,127.0735216,32,9.0,9.0,102.0,4005.0,55.0,41.0,6.0
비전영수학원,서울특별시 광진구 뚝섬로41길 6,37.5338368,127.0750659,84,70.0,70.0,100.0,3999.0,70.0,56.0,6.0
케이에스(KS)수학교습소,서울특별시 광진구 광나루로44길 44,37.5423315,127.0910845,12,4.0,4.0,172.0,9965.0,146.0,99.0,8.0
뉴런(NewLearn)과학교습소,서울특별시 광진구 뚝섬로36길 61,37.5318946,127.0701161,63,9.0,9.0,82.0,3524.0,142.0,48.0,7.0
연세권샘학원,서울특별시 광진구 아차산로 477,37.540732,127.094682,90,76.0,76.0,221.0,11605.0,188.0,105.0,4.0
튼튼영어마스터클럽푸른꿈영어교습소,서울특별시 광진구 천호대로111길 36,37.55793430000001,127.0828806,21,7.0,7.0,67.0,2069.0,76.0,93.0,49.0
밸류인수학학원,서울특별시 광진구 아차산로 491,37.5418283,127.0959883,28,73.0,28.0,215.0,11639.0,186.0,98.0,0.0
윈윈학원,서울특별시 광진구 긴고랑로29길 75,37.5633043,127.0861148,50,71.0,50.0,44.0,2799.0,55.0,80.0,12.0
스위트피아노(SWEETPIANO)음악교습소,서울특별시 광진구 뚝섬로33길 34,37.5365712,127.0701466,42,6.0,6.0,72.0,3192.0,191.0,57.0,8.0
선화아트스토리미술교습소,서울특별시 광진구 광나루로56길 29,37.53739729999999,127.0976212,15,3.0,3.0,119.0,5693.0,99.0,90.0,6.0
한가람어학원,서울특별시 광진구 영화사로 19,37.557691,127.0896293,224,161.0,161.0,42.0,1250.0,89.0,60.0,10.0
토즈스터디센터중곡독서실,서울특별시 광진구 용마산로 107,37.5631871,127.0867088,1217,118.0,118.0,43.0,2675.0,56.0,75.0,12.0
하우스터디광장센터독서실,서울특별시 광진구 광나루로 607,37.5419607,127.095718,342,87.0,87.0,215.0,11716.0,186.0,96.0,2.0
WD에듀학원,서울특별시 광진구 자양번영로 38,37.5328543,127.0758789,24,10.0,10.0,88.0,3578.0,72.0,55.0,10.0
천만스토리연출학원,서울특별시 광진구 천호대로 579,37.5564322,127.0826217,98,75.0,75.0,66.0,1833.0,77.0,52.0,49.0
더해수학학원,서울특별시 광진구 광나루로 600,37.5419375,127.0945505,12,96.0,12.0,210.0,11431.0,188.0,96.0,4.0
세움입시전문학원,서울특별시 광진구 용마산로 93,37.5619087,127.0870137,80,70.0,70.0,46.0,2764.0,46.0,69.0,14.0
해법영어뉴욕영어교습소,서울특별시 광진구 아차산로42길 29,37.5361509,127.0789733,35,5.0,5.0,51.0,2826.0,54.0,66.0,12.0
웅진씽크빅학습센터광장학원,서울특별시 광진구 광나루로 607,37.5419607,127.095718,155,124.0,124.0,215.0,11679.0,186.0,96.0,2.0
마이티마우스(MightyMouth)영어수학멘토링학원,서울특별시 광진구 천호대로 689,37.5500087,127.0915023,80,78.0,78.0,48.0,1944.0,85.0,54.0,22.0
대치스터디학원,서울특별시 광진구 자양로 241,37.5481982,127.0883905,140,106.0,106.0,45.0,1776.0,35.0,58.0,12.0
튼튼영어마스터클럽광진자양학원,서울특별시 광진구 능동로6길 14,37.5341565,127.0687766,40,75.0,40.0,72.0,2692.0,148.0,48.0,12.0
잉글리시에티카(EnglishETHICA)영어교습소,서울특별시 광진구 광나루로54길 38,37.5392467,127.0950927,15,4.0,4.0,207.0,11449.0,215.0,121.0,6.0
플래뮤미술학원,서울특별시 광진구 아차산로 502,37.5413438,127.097272,20,51.0,20.0,224.0,11806.0,95.0,104.0,0.0
토론하는아이들논술교습소,서울특별시 광진구 광나루로56길 34,37.5386271,127.0958742,6,3.0,3.0,197.0,10306.0,210.0,112.0,6.0
그림공미술교습소,서울특별시 광진구 뚝섬로56길 60-1,37.5286545,127.0826467,48,7.0,7.0,43.0,1623.0,48.0,46.0,10.0
언어의시작/ 양미선국어논술국어교습소,서울특별시 광진구 광나루로 606,37.5413415,127.0951373,19,5.0,5.0,219.0,11651.0,186.0,88.0,2.0
아카데미라운지구의독서실,서울특별시 광진구 천호대로 661,37.552016,127.0904104,408,102.0,102.0,50.0,2191.0,100.0,83.0,28.0
정현국어학원,서울특별시 광진구 자양번영로 33,37.5326691,127.075258,70,210.0,70.0,87.0,3514.0,75.0,52.0,10.0
플레이팩토사고력수학교습소,서울특별시 광진구 용마산로3길 95,37.5571534,127.0829477,11,7.0,7.0,66.0,1951.0,74.0,74.0,51.0
김가베수학교습소,서울특별시 광진구 광나루로 635,37.5406205,127.0986045,8,4.0,4.0,206.0,10456.0,83.0,97.0,0.0
수리수학교습소,서울특별시 광진구 광나루로 635,37.5406205,127.0986045,4,4.0,4.0,206.0,10456.0,83.0,97.0,0.0
영재들의미술상자미술교습소,서울특별시 광진구 자양로13가길 13,37.5346736,127.0812009,10,5.0,5.0,51.0,3019.0,63.0,82.0,9.0
노마드아트미술학원,서울특별시 광진구 아차산로 530,37.5419395,127.0996713,17,64.0,17.0,156.0,8371.0,72.0,95.0,0.0
최선생수학본영어학원,서울특별시 광진구 광나루로 602,37.5417868,127.0946996,250,112.0,112.0,209.0,11323.0,186.0,96.0,4.0
디보스댄스학원,서울특별시 광진구 자양로26길 50,37.5410171,127.086652,78,47.0,47.0,51.0,2139.0,93.0,55.0,16.0
라단사발레아카데미학원,서울특별시 광진구 자양로 261,37.5495997,127.0899961,48,66.0,48.0,50.0,1984.0,78.0,56.0,22.0
쁘띠주원미술교습소,서울특별시 광진구 천호대로113길 6,37.5574285,127.0832838,27,9.0,9.0,65.0,1941.0,72.0,75.0,51.0
숙명현음악교습소,서울특별시 광진구 광나루로56길 34,37.5386271,127.0958742,12,4.0,4.0,197.0,10305.0,210.0,112.0,6.0
한국자전거기술학원,서울특별시 광진구 구의로 67,37.5440664,127.0903506,216,63.0,63.0,95.0,4717.0,67.0,46.0,10.0
수인비고등관학원,서울특별시 광진구 용마산로 101-1,37.5627561,127.0867835,150,69.0,69.0,43.0,2724.0,49.0,80.0,14.0
퍼스트수학닥터윤영어&영어도서관학원,서울특별시 광진구 아차산로70길 26,37.54196659999999,127.1011914,75,70.0,70.0,95.0,4486.0,70.0,97.0,2.0
참다운수학교습소,서울특별시 광진구 천호대로117길 59,37.5576171,127.085114,30,8.0,8.0,76.0,2706.0,65.0,61.0,49.0
리딩버디영어교습소,서울특별시 광진구 용마산로3길 95,37.5571534,127.0829477,20,4.0,4.0,66.0,1954.0,74.0,74.0,51.0
아가파오수학교습소,서울특별시 광진구 아차산로65길 78,37.5427613,127.0914141,20,5.0,5.0,167.0,9693.0,146.0,87.0,8.0
아트(ART)530미술교습소,서울특별시 광진구 뚝섬로55길 11,37.5321267,127.0823137,8,5.0,5.0,56.0,2465.0,75.0,69.0,10.0
클린스터디(Clean Study)독서실,서울특별시 광진구 용마산로 104,37.56289719999999,127.0872705,144,48.0,48.0,42.0,2741.0,48.0,77.0,14.0
C&C미술학원,서울특별시 광진구 천호대로 579,37.5564322,127.0826217,442,62.0,62.0,66.0,1846.0,77.0,52.0,49.0
오르다샘앤클래스광진광장학원,서울특별시 광진구 광나루로 586,37.5428623,127.0937426,8,74.0,8.0,194.0,11097.0,175.0,81.0,4.0
씽크인아트미술학원,서울특별시 광진구 용마산로3길 99,37.5572179,127.0827824,40,80.0,40.0,66.0,1918.0,74.0,73.0,47.0
뿌리미술교습소,서울특별시 광진구 아차산로59길 42,37.5402908,127.0908091,10,5.0,5.0,168.0,9762.0,169.0,105.0,8.0
수피아노음악교습소,서울특별시 광진구 용마산로16길 5,37.56219189999999,127.0875772,89,8.0,8.0,40.0,2688.0,43.0,66.0,12.0
FTA독서실,서울특별시 광진구 광나루로56길 85,37.5356993,127.095765,73,73.0,73.0,47.0,1503.0,146.0,92.0,6.0
책읽어주는미술교습소,서울특별시 광진구 영화사로7길 24,37.5566238,127.0921941,24,5.0,5.0,32.0,1222.0,82.0,54.0,10.0
스튜디오(studio)미술학원,서울특별시 광진구 천호대로 590,37.555382,127.0830775,105,57.0,57.0,60.0,1643.0,63.0,54.0,47.0
몬스터어학원,서울특별시 광진구 아차산로 459,37.5444761,127.0897654,99,155.0,99.0,80.0,3346.0,61.0,45.0,8.0
솔로몬음악교습소,서울특별시 광진구 뚝섬로52마길 66,37.5285887,127.0820298,24,7.0,7.0,44.0,1508.0,48.0,39.0,16.0
원클래스라이브러리구의점독서실,서울특별시 광진구 구의강변로 86,37.5381389,127.0939329,385,77.0,77.0,177.0,9882.0,240.0,136.0,6.0
엠제이영어리딩영어교습소,서울특별시 광진구 자양로 319,37.554008,127.0938192,12,6.0,6.0,45.0,2029.0,87.0,73.0,20.0
은섬학원,서울특별시 광진구 용마산로 116,37.5640446,127.087083,288,81.0,81.0,44.0,2740.0,66.0,76.0,10.0
나랏말씀국어학원,서울특별시 광진구 광나루로 602,37.5417868,127.0946996,59,82.0,59.0,209.0,11376.0,186.0,96.0,4.0
봄(Bom)구름영어교습소,서울특별시 광진구 영화사로7길 24,37.5566238,127.0921941,70,7.0,7.0,32.0,1220.0,82.0,54.0,10.0
키즈파라다이스(KIZPARADISE)영어교습소,서울특별시 광진구 자양로3길 46-10,37.5304003,127.0838391,9,3.0,3.0,52.0,1907.0,123.0,58.0,6.0
뮤엠구의영어교습소,서울특별시 광진구 자양로28길 88,37.5414803,127.089061,3,3.0,3.0,115.0,5972.0,189.0,81.0,10.0
광장스터디뱅크독서실,서울특별시 광진구 아차산로70길 26,37.54196659999999,127.1011914,130,65.0,65.0,95.0,4491.0,70.0,97.0,2.0
일대일수학교습소,서울특별시 광진구 광나루로 635,37.5406205,127.0986045,8,4.0,4.0,206.0,10456.0,83.0,97.0,0.0
스타댄스학원,서울특별시 광진구 동일로22길 49,37.5419356,127.067116,306,51.0,51.0,23.0,1876.0,143.0,37.0,17.0
토즈스터디센터자양사거리독서실,서울특별시 광진구 자양로 109,37.5374247,127.0830692,1177,94.0,94.0,27.0,1794.0,51.0,38.0,17.0
클랑음악교습소,서울특별시 광진구 군자로 65,37.5491149,127.0705476,72,9.0,9.0,20.0,828.0,56.0,69.0,12.0
반석학원,서울특별시 광진구 아차산로 530,37.5419395,127.0996713,688,72.0,72.0,156.0,8316.0,72.0,95.0,0.0
플레이잉글리쉬(Play English)영어교습소,서울특별시 광진구 동일로72길 30,37.5655542,127.0792109,6,3.0,3.0,26.0,1054.0,81.0,84.0,28.0
모난돌국어역사학원,서울특별시 광진구 아차산로 461,37.5398941,127.0932358,372,73.0,73.0,207.0,11345.0,233.0,135.0,6.0
라온슬옹학원,서울특별시 광진구 아차산로 471,37.5404134,127.0939444,305,85.0,85.0,212.0,11691.0,196.0,131.0,6.0
뮤엠영어학원,서울특별시 광진구 아차산로 493,37.5417983,127.0961971,155,72.0,72.0,213.0,11585.0,186.0,104.0,0.0
바짝독서실,서울특별시 광진구 자양로 35,37.5310828,127.0860834,98,98.0,98.0,47.0,1805.0,127.0,60.0,6.0
닥터엠고등수학교습소,서울특별시 광진구 아차산로 552,37.5431583,127.1041888,12,3.0,3.0,34.0,1051.0,36.0,83.0,10.0
한밀러(HanMiller)영어교습소,서울특별시 광진구 영화사로7길 45,37.5572345,127.0931632,9,3.0,3.0,29.0,1146.0,41.0,42.0,10.0
장희승영어교습소,서울특별시 광진구 자양로 165,37.5423781,127.0838417,4,2.0,2.0,38.0,1539.0,63.0,14.0,14.0
리차드잉글리쉬학원,서울특별시 광진구 아차산로 484,37.540724,127.0956717,300,95.0,95.0,218.0,11417.0,187.0,89.0,2.0
드림다락방학원,서울특별시 광진구 구의강변로 45,37.5349817,127.0912558,50,88.0,50.0,29.0,1128.0,175.0,117.0,8.0
KAL수학교습소,서울특별시 광진구 광나루로 635,37.5406205,127.0986045,35,5.0,5.0,206.0,10455.0,83.0,97.0,0.0
이태운수학교습소,서울특별시 광진구 광나루로 635,37.5406205,127.0986045,18,6.0,6.0,206.0,10454.0,83.0,97.0,0.0
몽아뜰리에미술학원,서울특별시 광진구 광나루로54길 83,37.5376527,127.0944389,225,59.0,59.0,169.0,8797.0,233.0,133.0,6.0
노리터미술교습소,서울특별시 광진구 군자로 86-1,37.5508336,127.0712307,5,9.0,5.0,21.0,1073.0,45.0,71.0,10.0
혜자영어교습소,서울특별시 광진구 자양번영로5길 37-2,37.5329246,127.0731947,27,9.0,9.0,106.0,4074.0,153.0,51.0,6.0
키즈플레이아트미술교습소,서울특별시 광진구 자양번영로4길 42-22,37.5302135,127.0772179,12,4.0,4.0,65.0,2576.0,81.0,51.0,14.0
수운미술학원,서울특별시 광진구 자양로45길 18,37.5520971,127.0913622,75,53.0,53.0,47.0,2040.0,98.0,78.0,24.0
비트믹스댄스학원,서울특별시 광진구 동일로 130,37.5438284,127.0652417,74,52.0,52.0,20.0,1555.0,92.0,21.0,15.0
글로벌전인교육명품학원,서울특별시 광진구 자양로50길 18,37.5519443,127.0933075,36,76.0,36.0,41.0,2104.0,88.0,84.0,24.0
열방영어교습소,서울특별시 광진구 긴고랑로36길 71,37.556703,127.0918727,21,6.0,6.0,32.0,1221.0,86.0,56.0,10.0
비트믹스온더탑학원,서울특별시 광진구 동일로 130,37.5438284,127.0652417,125,65.0,65.0,20.0,1542.0,92.0,21.0,15.0
켈리잉글리시영어교습소,서울특별시 광진구 뚝섬로64길 38,37.5319338,127.0888464,75,5.0,5.0,20.0,834.0,127.0,66.0,4.0
라벨비음악교습소,서울특별시 광진구 용마산로3길 104,37.5574636,127.0826587,39,9.0,9.0,66.0,1949.0,71.0,84.0,47.0
제이투(JTWO)영어학원,서울특별시 광진구 용마산로 95,37.5621386,127.0869761,60,70.0,60.0,43.0,2732.0,47.0,72.0,14.0
엠스트학원,서울특별시 광진구 자양로 249,37.5487509,127.0891058,140,69.0,69.0,48.0,2011.0,34.0,68.0,28.0
차오름미술학원,서울특별시 광진구 광나루로56길 34,37.5386271,127.0958742,45,60.0,45.0,197.0,10264.0,210.0,112.0,6.0
바라크그린미술교습소,서울특별시 광진구 천호대로117길 58,37.5575462,127.0853412,72,9.0,9.0,76.0,2680.0,63.0,63.0,49.0
JK영어교습소,서울특별시 광진구 자양번영로 32,37.5324322,127.0757102,32,6.0,6.0,86.0,3581.0,74.0,55.0,14.0
솔루니논술교습소,서울특별시 광진구 용마산로21길 27,37.5634854,127.0859389,24,6.0,6.0,46.0,2856.0,73.0,79.0,12.0
호아미술교습소,서울특별시 광진구 능동로31길 8-1,37.5557601,127.0780072,88,8.0,8.0,49.0,2055.0,59.0,90.0,41.0
드림영어학원,서울특별시 광진구 광나루로54길 32,37.5394662,127.0951348,160,76.0,76.0,221.0,11672.0,189.0,118.0,4.0
조아뜰리에미술교습소,서울특별시 광진구 천호대로 666,37.5513556,127.089346,54,9.0,9.0,49.0,2038.0,95.0,64.0,26.0
광진구주이배고등관학원,서울특별시 광진구 광나루로 603,37.5420151,127.0955975,100,190.0,100.0,214.0,11565.0,186.0,98.0,2.0
서울강변작심독서실,서울특별시 광진구 광나루로56길 29,37.53739729999999,127.0976212,255,87.0,87.0,119.0,5609.0,99.0,90.0,6.0
블루밍영어교습소,서울특별시 광진구 광나루로36길 28,37.5437193,127.0863141,16,5.0,5.0,51.0,1889.0,71.0,36.0,16.0
MbM영어교습소,서울특별시 광진구 아차산로 345,37.5377045,127.0815286,56,7.0,7.0,26.0,1747.0,60.0,35.0,20.0
푸른꿈과당신의기타교습소,서울특별시 광진구 뚝섬로40길 15,37.5331521,127.0729333,3,4.0,3.0,109.0,4259.0,153.0,58.0,6.0
웨일즈어학원,서울특별시 광진구 광나루로 619,37.5410525,127.0964511,92,161.0,92.0,222.0,11748.0,184.0,102.0,0.0
더뉴스타운(The NEWS Town)영어교습소,서울특별시 광진구 자양로 282-1,37.5509934,127.0917623,56,8.0,8.0,52.0,2238.0,84.0,78.0,24.0
탑클래스잉글리쉬(Top Class English)영어교습소,서울특별시 광진구 용마산로3길 43,37.5561168,127.0856149,12,4.0,4.0,69.0,2347.0,96.0,50.0,49.0
깊은생각광진학원,서울특별시 광진구 광나루로 602,37.5417868,127.0946996,75,174.0,75.0,209.0,11360.0,186.0,96.0,4.0
아가페음악학원,서울특별시 광진구 자양로7길 42,37.5324798,127.0824716,95,47.0,47.0,57.0,2726.0,75.0,77.0,9.0
멘토스수학교습소,서울특별시 광진구 구의강변로 96,37.5384981,127.0946643,21,3.0,3.0,192.0,10498.0,238.0,133.0,6.0
필즈수학학원,서울특별시 광진구 용마산로 95,37.5621386,127.0869761,58,76.0,58.0,43.0,2734.0,47.0,72.0,14.0
이엠플러스(EM+)영수학원,서울특별시 광진구 아차산로 623,37.548496,127.106796,43,69.0,43.0,13.0,853.0,57.0,70.0,18.0
광진에이닷영어학원,서울특별시 광진구 광나루로 590,37.5425759,127.0939174,1040,109.0,109.0,201.0,11300.0,174.0,81.0,4.0
임팩트학원,서울특별시 광진구 자양로37길 4,37.5478687,127.0878439,55,75.0,55.0,51.0,2291.0,40.0,54.0,13.0
수학의달인해법영어학원,서울특별시 광진구 뚝섬로37길 11,37.5350143,127.0716811,86,76.0,76.0,105.0,4240.0,175.0,62.0,7.0
엘리트서울미술교습소,서울특별시 광진구 광나루로 635,37.5406205,127.0986045,4,2.0,2.0,206.0,10458.0,83.0,97.0,0.0
뮤엠영어해법수학학원,서울특별시 광진구 자양번영로 46,37.5336367,127.0760645,51,98.0,51.0,87.0,3445.0,77.0,56.0,11.0
책독서논술교습소,서울특별시 광진구 자양번영로 47-3,37.5338199,127.0754885,16,8.0,8.0,95.0,3967.0,69.0,56.0,11.0
책이랑글이랑논술교습소,서울특별시 광진구 군자로 84,37.5505216,127.071161,21,3.0,3.0,21.0,1075.0,46.0,68.0,10.0
더베스트영어교습소,서울특별시 광진구 광나루로 635,37.5406205,127.0986045,6,2.0,2.0,206.0,10458.0,83.0,97.0,0.0
하이클래스영어전문2관영어교습소,서울특별시 광진구 뚝섬로56길 34,37.5298767,127.0825684,20,5.0,5.0,47.0,1811.0,64.0,55.0,12.0
즐거운예람음악교습소,서울특별시 광진구 용마산로 160,37.5678471,127.0863908,15,9.0,9.0,22.0,1527.0,71.0,85.0,6.0
마스터입시전문연기학원,서울특별시 광진구 아차산로 453,37.5394007,127.0923951,150,73.0,73.0,181.0,10336.0,225.0,120.0,8.0
제이미영어독서클럽교습소,서울특별시 광진구 동일로38길 13,37.551465,127.0701933,15,5.0,5.0,19.0,864.0,34.0,52.0,10.0
크로체꽃예술학원,서울특별시 광진구 능동로 251,37.55265050000001,127.0767212,436,52.0,52.0,18.0,837.0,44.0,51.0,4.0
베리타스에듀학원,서울특별시 광진구 천호대로 666,37.5513556,127.089346,210,69.0,69.0,49.0,1978.0,95.0,64.0,26.0
한밀러(Hanmiller)수학교습소,서울특별시 광진구 영화사로7길 45,37.5572345,127.0931632,6,2.0,2.0,29.0,1147.0,41.0,42.0,10.0
예술창작미술교습소,서울특별시 광진구 아차산로 634,37.5489219,127.1083668,45,9.0,9.0,11.0,753.0,51.0,42.0,10.0
리더스해법에듀학원,서울특별시 광진구 용마산로22길 16,37.5634767,127.0879136,90,83.0,83.0,38.0,2443.0,42.0,66.0,10.0
제이케이모델입시학원,서울특별시 광진구 뚝섬로 468,37.5367436,127.0621483,330,61.0,61.0,4.0,204.0,45.0,20.0,6.0
제이케이모델전문학원,서울특별시 광진구 뚝섬로 468,37.5367436,127.0621483,1110,60.0,60.0,4.0,205.0,45.0,20.0,6.0
김주영수학교습소,서울특별시 광진구 광나루로 635,37.5406205,127.0986045,12,6.0,6.0,206.0,10454.0,83.0,97.0,0.0
문연기학원,서울특별시 광진구 자양번영로 71,37.5359522,127.0762701,14,65.0,14.0,66.0,3079.0,62.0,52.0,11.0
스택업러닝센터학원,서울특별시 광진구 광나루로 602,37.5417868,127.0946996,705,47.0,47.0,209.0,11388.0,186.0,96.0,4.0
셀파영어교습소,서울특별시 광진구 뚝섬로52라길 69,37.5294279,127.0824397,40,5.0,5.0,47.0,1811.0,63.0,54.0,12.0
달그린미술창작소미술교습소,서울특별시 광진구 동일로72길 46,37.5653083,127.0799294,36,6.0,6.0,26.0,1051.0,84.0,83.0,26.0
3030영어교습소,서울특별시 광진구 구의강변로 96,37.5384981,127.0946643,10,5.0,5.0,192.0,10496.0,238.0,133.0,6.0
엠수학학원,서울특별시 광진구 뚝섬로 558,37.5340724,127.0718277,30,69.0,30.0,108.0,4368.0,150.0,62.0,6.0
와와학습코칭학원,서울특별시 광진구 광나루로 584,37.54305129999999,127.0935523,744,75.0,75.0,171.0,10835.0,177.0,84.0,6.0
시몽?SM미술학원,서울특별시 광진구 자양로50길 18,37.5519443,127.0933075,430,63.0,63.0,41.0,2077.0,88.0,84.0,24.0
구의수학의달인수학교습소,서울특별시 광진구 광나루로30나길 28,37.5432545,127.0831681,73,9.0,9.0,32.0,1365.0,59.0,16.0,14.0
POS과학전문학원&Fim수학학원,서울특별시 광진구 광나루로 602,37.5417868,127.0946996,130,72.0,72.0,209.0,11363.0,186.0,96.0,4.0
트리니티잉글리쉬영어교습소,서울특별시 광진구 용마산로3길 102,37.5574222,127.082833,63,7.0,7.0,66.0,1951.0,72.0,79.0,47.0
코람데오미술교습소,서울특별시 광진구 아차산로66길 92,37.5421538,127.1015045,8,9.0,8.0,83.0,3318.0,79.0,92.0,2.0
즐거운창작소미술교습소,서울특별시 광진구 광나루로39길 11,37.5454994,127.0887779,14,4.0,4.0,63.0,2718.0,53.0,36.0,9.0
솔루니독서논술교습소,서울특별시 광진구 아차산로 493,37.5417983,127.0961971,25,5.0,5.0,213.0,11652.0,186.0,104.0,0.0
자양독서논술교습소,서울특별시 광진구 뚝섬로38길 18,37.5333035,127.0729445,32,2.0,2.0,110.0,4361.0,150.0,57.0,6.0
장미피아노교습소,서울특별시 광진구 광장로 58-1,37.5470767,127.1035953,45,9.0,9.0,24.0,1141.0,55.0,83.0,14.0
플랜비(PlanB)영어교습소,서울특별시 광진구 천호대로136길 52,37.5475001,127.0897954,99,9.0,9.0,45.0,1915.0,35.0,60.0,12.0
어썸팩토리자양플레이스독서실,서울특별시 광진구 능동로 21,37.5335019,127.0672835,15930,90.0,90.0,70.0,2624.0,144.0,48.0,7.0
예스독서실,서울특별시 광진구 영화사로 32,37.5567329,127.0903676,204,102.0,102.0,46.0,1307.0,96.0,71.0,12.0
탑티어영어학원,서울특별시 광진구 뚝섬로54길 13,37.5309274,127.0807712,150,70.0,70.0,64.0,2478.0,81.0,57.0,14.0
로봇&코딩학원,서울특별시 광진구 광나루로56길 29,37.53739729999999,127.0976212,80,64.0,64.0,119.0,5632.0,99.0,90.0,6.0
플라톤아카데미자양건대독서논술교습소,서울특별시 광진구 능동로8길 19,37.5364801,127.0702824,120,5.0,5.0,74.0,3211.0,195.0,57.0,8.0
김선생국어교습소,서울특별시 광진구 뚝섬로41길 8,37.5339368,127.0751097,18,6.0,6.0,100.0,4063.0,72.0,56.0,11.0
꼭두미술교습소,서울특별시 광진구 뚝섬로64길 50,37.5314369,127.0888456,18,9.0,9.0,19.0,739.0,111.0,61.0,4.0
광진스즈키바이올린교습소,서울특별시 광진구 아차산로 522,37.5419395,127.0996713,90,9.0,9.0,156.0,8379.0,72.0,95.0,0.0
깊은생각광진2관학원,서울특별시 광진구 광나루로 600,37.5419375,127.0945505,75,100.0,75.0,210.0,11368.0,188.0,96.0,4.0
A+메타수학교습소,서울특별시 광진구 천호대로119길 57,37.5574184,127.0857811,60,6.0,6.0,73.0,2508.0,106.0,59.0,49.0
광진고스(GOS)에듀학원,서울특별시 광진구 광나루로 602,37.5417868,127.0946996,690,91.0,91.0,209.0,11344.0,186.0,96.0,4.0
리드체인지학원,서울특별시 광진구 천호대로 602,37.5548979,127.0843216,180,69.0,69.0,57.0,1619.0,91.0,35.0,47.0
라움미술교습소,서울특별시 광진구 광나루로 635,37.5406205,127.0986045,5,3.0,3.0,206.0,10457.0,83.0,97.0,0.0
해법영어교실용마영어교습소,서울특별시 광진구 용마산로3길 98,37.5573684,127.0829801,30,6.0,6.0,66.0,1952.0,74.0,75.0,51.0
타파하댄스학원,서울특별시 광진구 뚝섬로 645,37.5317075,127.0813974,30,60.0,30.0,55.0,1985.0,80.0,61.0,14.0
매스랩(MathLab)전문수학교습소,서울특별시 광진구 광나루로54길 38,37.5392467,127.0950927,15,5.0,5.0,207.0,11448.0,215.0,121.0,6.0
상상수학학원,서울특별시 광진구 자양번영로 32,37.5324322,127.0757102,80,77.0,77.0,86.0,3510.0,74.0,55.0,14.0
이상윤기타교습소,서울특별시 광진구 자양로28길 85,37.541675,127.0890236,13,8.0,8.0,106.0,5327.0,193.0,80.0,10.0
광진비바키즈어학원,서울특별시 광진구 아차산로 502,37.5413438,127.097272,48,162.0,48.0,224.0,11778.0,95.0,104.0,0.0
라온국어학원,서울특별시 광진구 뚝섬로 587,37.5335228,127.0754315,380,71.0,71.0,89.0,3518.0,73.0,55.0,6.0
예림음악교습소,서울특별시 광진구 용마산로5길 71,37.5572072,127.0838532,52,4.0,4.0,64.0,1916.0,62.0,70.0,51.0
비트믹스스튜디오본점학원,서울특별시 광진구 아차산로 235,37.5407382,127.069586,175,64.0,64.0,24.0,1818.0,176.0,30.0,4.0
아이엠수학교습소,서울특별시 광진구 자양로 319,37.554008,127.0938192,6,3.0,3.0,45.0,2032.0,87.0,73.0,20.0
플라톤아카데미구의아르테나논술교습소,서울특별시 광진구 아차산로 464,37.5396198,127.0936261,102,6.0,6.0,209.0,11604.0,231.0,139.0,6.0
중곡용마플라톤아카데미논술교습소,서울특별시 광진구 천호대로119길 61,37.5575874,127.0857588,218,2.0,2.0,76.0,2697.0,67.0,60.0,49.0
해성수학교습소,서울특별시 광진구 능동로 30,37.5340047,127.0681498,6,7.0,6.0,72.0,2726.0,152.0,50.0,7.0
에스제이발레학원,서울특별시 광진구 구의강변로 92,37.5386051,127.0941519,120,67.0,67.0,196.0,10728.0,240.0,141.0,6.0
파크빌바이올린교습소,서울특별시 광진구 아차산로 549,37.5441452,127.1015274,18,6.0,6.0,70.0,2631.0,32.0,92.0,2.0
자양융합국어교습소,서울특별시 광진구 자양번영로 15,37.5310469,127.0748037,88,9.0,9.0,70.0,3138.0,51.0,52.0,12.0
날개달기국어수학학원,서울특별시 광진구 아차산로 345,37.5377045,127.0815286,85,73.0,73.0,26.0,1681.0,60.0,35.0,20.0
시티힐아카데미학원,서울특별시 광진구 광나루로 494,37.5448686,127.0842049,284,220.0,220.0,39.0,1365.0,48.0,18.0,8.0
이라라피아노교습소,서울특별시 광진구 천호대로113길 5,37.5575368,127.0830728,25,5.0,5.0,66.0,1953.0,75.0,75.0,53.0
허윤호수학학원,서울특별시 광진구 광나루로 604,37.5415728,127.0949101,390,88.0,88.0,209.0,11439.0,186.0,91.0,2.0
시매쓰수학학원,서울특별시 광진구 뚝섬로 558,37.5340724,127.0718277,120,102.0,102.0,108.0,4296.0,150.0,62.0,6.0
라라미술교습소,서울특별시 광진구 자양로28길 18-1,37.5421287,127.0852846,30,9.0,9.0,48.0,1816.0,70.0,25.0,16.0
조앤아카데미학원,서울특별시 광진구 천호대로 578,37.5557559,127.0819894,44,43.0,43.0,66.0,1985.0,67.0,56.0,45.0
라하잉글리시광장영어교습소,서울특별시 광진구 아차산로 530,37.5419395,127.0996713,45,9.0,9.0,156.0,8379.0,72.0,95.0,0.0
진성피아노교습소,서울특별시 광진구 구의강변로 47,37.53508739999999,127.0916479,55,5.0,5.0,32.0,1291.0,176.0,117.0,6.0
줄리음악교습소,서울특별시 광진구 자양로 88,37.5356026,127.0842975,20,4.0,4.0,38.0,2363.0,105.0,72.0,15.0
정직한153수학학원,서울특별시 광진구 아차산로 532,37.54239889999999,127.1004627,168,95.0,95.0,115.0,5765.0,71.0,102.0,2.0
더플랙과학학원,서울특별시 광진구 아차산로 484,37.540724,127.0956717,85,71.0,71.0,218.0,11441.0,187.0,89.0,2.0
파랑피아노교습소,서울특별시 광진구 동일로20길 20,37.5411181,127.0647455,30,5.0,5.0,17.0,1640.0,77.0,21.0,14.0
새움보습학원,서울특별시 광진구 자양번영로 18,37.5311623,127.0753313,35,80.0,35.0,73.0,3192.0,73.0,52.0,12.0
한몽한국어교습소,서울특별시 광진구 자양로 259,37.5493627,127.089732,27,9.0,9.0,48.0,2011.0,76.0,55.0,22.0
스펀지영어교습소,서울특별시 광진구 아차산로 549,37.5441452,127.1015274,24,6.0,6.0,70.0,2631.0,32.0,92.0,2.0
국어논술이안학원,서울특별시 광진구 아차산로 502,37.5413438,127.097272,280,69.0,69.0,224.0,11757.0,95.0,104.0,0.0
왕지로열발레학원,서울특별시 광진구 능동로 267,37.5539176,127.0773765,81,74.0,74.0,20.0,1035.0,48.0,75.0,11.0
아트구루미술교습소,서울특별시 광진구 자양로42길 38,37.5484381,127.0919762,27,9.0,9.0,52.0,2282.0,32.0,62.0,26.0
아라미술학원,서울특별시 광진구 동일로70길 53,37.5639927,127.0797587,270,54.0,54.0,29.0,1147.0,88.0,85.0,27.0
이기옥논술교습소,서울특별시 광진구 뚝섬로36가길 15,37.5322136,127.0716289,36,9.0,9.0,102.0,4179.0,140.0,59.0,7.0
문쌔미국어교습소,서울특별시 광진구 광나루로 635,37.5406205,127.0986045,24,8.0,8.0,206.0,10452.0,83.0,97.0,0.0
대원킨더아카데미제2관어학원,서울특별시 광진구 용마산로22길 24,37.56357819999999,127.0884451,76,152.0,76.0,36.0,2260.0,39.0,58.0,6.0
예화수학교습소,서울특별시 광진구 능동로49길 19,37.5644802,127.0822388,12,4.0,4.0,52.0,2652.0,99.0,101.0,22.0
플로라음악학원(Flora Music Academy),서울특별시 광진구 천호대로111길 36,37.55793430000001,127.0828806,105,46.0,46.0,67.0,2030.0,76.0,93.0,49.0
신예음음악교습소,서울특별시 광진구 광나루로 635,37.5406205,127.0986045,47,9.0,9.0,206.0,10451.0,83.0,97.0,0.0
광장앤스마일학원,서울특별시 광진구 광장로 47,37.5470571,127.1024621,162,71.0,71.0,21.0,1020.0,44.0,86.0,4.0
E.I.E학원,서울특별시 광진구 영화사로 34,37.55659010000001,127.0905058,60,74.0,60.0,44.0,1320.0,96.0,71.0,12.0
리딩오션독서논술광진직영학원,서울특별시 광진구 아차산로70길 26,37.54196659999999,127.1011914,240,48.0,48.0,95.0,4508.0,70.0,97.0,2.0
제니스잉글리쉬부띠끄(Jenny`s English Boutique)영어교습소,서울특별시 광진구 광나루로 635,37.5406205,127.0986045,24,8.0,8.0,206.0,10452.0,83.0,97.0,0.0
이투학원,서울특별시 광진구 광나루로36길 76,37.5416807,127.0854372,2273,71.0,71.0,47.0,1929.0,70.0,36.0,16.0
이투원격교습학원,서울특별시 광진구 광나루로36길 76,37.5416807,127.0854372,160,0.0,0.0,47.0,2000.0,70.0,36.0,16.0
블럭마을영어교습소,서울특별시 광진구 용마산로1길 96,37.556559,127.0834991,30,6.0,6.0,65.0,1922.0,72.0,68.0,51.0
올림피아드대입관학원,서울특별시 광진구 자양로 90,37.5358295,127.084207,140,145.0,140.0,35.0,2091.0,98.0,60.0,15.0
채움미래학원,서울특별시 광진구 용마산로16길 9,37.5622133,127.0877449,108,69.0,69.0,40.0,2627.0,42.0,66.0,12.0
석선생영어전문학원,서울특별시 광진구 아차산로 480,37.540456,127.0952326,250,115.0,115.0,221.0,11566.0,188.0,110.0,4.0
공간프리미엄독서실,서울특별시 광진구 면목로 161,37.5677311,127.0820199,368,92.0,92.0,26.0,665.0,75.0,95.0,26.0
빛샘국어독서논술학원,서울특별시 광진구 용마산로 95,37.5621386,127.0869761,269,75.0,75.0,43.0,2717.0,47.0,72.0,14.0
광진고스(GOS)에듀2관학원,서울특별시 광진구 구의로16길 89,37.5416947,127.0943838,720,106.0,106.0,210.0,11337.0,191.0,95.0,4.0
어린음악대조이원음악학원,서울특별시 광진구 뚝섬로 558,37.5340724,127.0718277,150,50.0,50.0,108.0,4348.0,150.0,62.0,6.0
아르떼음악학원,서울특별시 광진구 동일로 256-1,37.5541423,127.0712633,420,51.0,51.0,17.0,721.0,26.0,37.0,11.0
별타쌤솔루션수학교습소,서울특별시 광진구 뚝섬로37길 11,37.5350143,127.0716811,30,6.0,6.0,105.0,4310.0,175.0,62.0,7.0
심슨어학보습학원,서울특별시 광진구 아차산로 506,37.5414171,127.0976337,720,668.0,668.0,220.0,10846.0,94.0,104.0,0.0
너의/미술교습소,서울특별시 광진구 자양번영로2길 33,37.53029350000001,127.076874,23,9.0,9.0,57.0,2196.0,83.0,37.0,14.0
서림제2관학원,서울특별시 광진구 면목로 136,37.565423,127.0811798,56,70.0,56.0,30.0,1141.0,83.0,93.0,26.0
줄탁동시수학교습소,서울특별시 광진구 구의강변로 96,37.5384981,127.0946643,16,4.0,4.0,192.0,10497.0,238.0,133.0,6.0
소리엘피아노교습소,서울특별시 광진구 천호대로117길 62,37.5576523,127.0853206,15,5.0,5.0,79.0,2831.0,67.0,63.0,49.0
창조수학제2관학원,서울특별시 광진구 광나루로 582,37.5430855,127.0933652,59,68.0,59.0,175.0,10811.0,183.0,84.0,6.0
장문원격교습학원,서울특별시 광진구 아차산로65길 24,37.541358,127.0936841,12000,0.0,0.0,208.0,11840.0,198.0,120.0,4.0
나무수학학원,서울특별시 광진구 군자로 109,37.5528718,127.0719913,120,68.0,68.0,24.0,1183.0,31.0,45.0,10.0
로이뮤직실용음악교습소,서울특별시 광진구 자양로 282-1,37.5509934,127.0917623,12,3.0,3.0,52.0,2243.0,84.0,78.0,24.0
드림아트미술학원,서울특별시 광진구 아차산로 493,37.5417983,127.0961971,350,25.0,25.0,213.0,11632.0,186.0,104.0,0.0
아이루체몬테소리학원,서울특별시 광진구 자양로5길 36,37.531206,127.0837497,750,92.0,92.0,56.0,1955.0,155.0,62.0,8.0
서울디자인기술아카데미학원,서울특별시 광진구 능동로 339,37.5599223,127.0807312,82,61.0,61.0,50.0,1900.0,90.0,109.0,42.0
민선피아노교습소,서울특별시 광진구 광나루로56길 63,37.53739729999999,127.0976212,12,6.0,6.0,119.0,5690.0,99.0,90.0,6.0
앤수학영어학원,서울특별시 광진구 자양로9길 77,37.5317775,127.0812127,64,70.0,64.0,66.0,2615.0,81.0,64.0,14.0
뷰티인강원격학원,서울특별시 광진구 광나루로 436,37.545554,127.0777267,340,0.0,0.0,4.0,294.0,46.0,33.0,4.0
리드인독서논술광장점교습소,서울특별시 광진구 아차산로76길 31,37.5470808,127.1085548,60,5.0,5.0,11.0,747.0,56.0,57.0,18.0
블루밍잉글리쉬영어교습소,서울특별시 광진구 광나루로36길 28,37.5437193,127.0863141,10,5.0,5.0,51.0,1889.0,71.0,36.0,16.0
오!잉글리시랩(Oh!English Lab)영어교습소,서울특별시 광진구 뚝섬로 533,37.5351805,127.0694982,45,9.0,9.0,76.0,2777.0,180.0,48.0,10.0
유리발레스튜디오학원,서울특별시 광진구 뚝섬로 587,37.5335228,127.0754315,20,48.0,20.0,89.0,3569.0,73.0,55.0,6.0
박쌤독서&논술교습소,서울특별시 광진구 아차산로 549,37.5441452,127.1015274,35,7.0,7.0,70.0,2630.0,32.0,92.0,2.0
자람미술학원,서울특별시 광진구 뚝섬로36길 15,37.533733,127.0714588,120,54.0,54.0,108.0,4344.0,140.0,59.0,6.0
예다움음악교습소,서울특별시 광진구 광나루로35길 38,37.5463033,127.0879807,90,6.0,6.0,47.0,1960.0,43.0,37.0,11.0
비더원영어교습소,서울특별시 광진구 아차산로65길 14,37.5410475,127.0940895,45,9.0,9.0,203.0,11547.0,193.0,118.0,2.0
생각날기논슬교습소,서울특별시 광진구 천호대로119길 58,37.55744139999999,127.085998,24,4.0,4.0,74.0,2518.0,104.0,57.0,49.0
THE상승학원,서울특별시 광진구 자양로 46,37.5322381,127.0859794,106,75.0,75.0,52.0,2543.0,130.0,61.0,8.0
광진위드영어교습소,서울특별시 광진구 능동로34길 91,37.5539762,127.0841856,66,6.0,6.0,54.0,1565.0,84.0,30.0,45.0
아트앤하트구의미술교습소,서울특별시 광진구 광나루로39길 11,37.5454994,127.0887779,54,9.0,9.0,63.0,2713.0,53.0,36.0,9.0
광진최강푸르넷수학교습소,서울특별시 광진구 영화사로 37-1,37.5565573,127.0912276,12,4.0,4.0,39.0,1306.0,91.0,65.0,12.0
매쓰홍수학전문학원,서울특별시 광진구 아차산로 493,37.5417983,127.0961971,75,72.0,72.0,213.0,11585.0,186.0,104.0,0.0
최선해법영어학원,서울특별시 광진구 광나루로56길 34,37.5386271,127.0958742,27,72.0,27.0,197.0,10282.0,210.0,112.0,6.0
그리네미술학원,서울특별시 광진구 능동로 403,37.5652171,127.0836785,160,50.0,50.0,61.0,3199.0,94.0,107.0,10.0
매쓰플랜수학학원,서울특별시 광진구 자양번영로 56,37.5344736,127.0763255,10,74.0,10.0,83.0,3507.0,70.0,64.0,13.0
글로리음악교습소,서울특별시 광진구 용마산로 41,37.5572812,127.0876908,18,9.0,9.0,74.0,2194.0,103.0,48.0,44.0
C&A논술학원,서울특별시 광진구 광나루로 635,37.5406205,127.0986045,117,71.0,71.0,206.0,10389.0,83.0,97.0,0.0
위즈덤독서논술교습소,서울특별시 광진구 능동로49길 24,37.5647746,127.0820222,40,4.0,4.0,45.0,2259.0,96.0,106.0,30.0
K-English영어교습소,서울특별시 광진구 광나루로 606,37.5413415,127.0951373,3,3.0,3.0,219.0,11653.0,186.0,88.0,2.0
플라톤아카데미자양성자독서논술교습소,서울특별시 광진구 뚝섬로54길 49,37.5294543,127.0800874,63,3.0,3.0,54.0,1907.0,77.0,40.0,12.0
지혜담은국어교습소,서울특별시 광진구 아차산로 493,37.5417983,127.0961971,24,8.0,8.0,213.0,11649.0,186.0,104.0,0.0
유니크수학블랙라벨학원,서울특별시 광진구 자양번영로 28,37.5321601,127.0756141,330,76.0,76.0,86.0,3509.0,72.0,55.0,14.0
플랜에이치헤어아카데미학원,서울특별시 광진구 동일로30길 52,37.5473969,127.0702269,60,69.0,60.0,23.0,866.0,105.0,70.0,12.0
김안나키즈싱어2호점음악교습소,서울특별시 광진구 광나루로56길 32,37.5386271,127.0958742,7,7.0,7.0,197.0,10302.0,210.0,112.0,6.0
다온해법학원,서울특별시 광진구 뚝섬로52라길 39-3,37.5296052,127.0808128,90,81.0,81.0,50.0,1566.0,70.0,44.0,14.0
엑터스프로젝트연기학원,서울특별시 광진구 천호대로 604,37.5548434,127.0844602,290,58.0,58.0,58.0,1635.0,88.0,33.0,45.0
뮤트디오댄스학원,서울특별시 광진구 아차산로 192,37.5414999,127.0648134,368,115.0,115.0,18.0,1539.0,79.0,21.0,14.0
메종드발레학원,서울특별시 광진구 아차산로 431,37.538653,127.0901794,80,71.0,71.0,84.0,3749.0,192.0,102.0,12.0
스마트쿠키즈영어학원,서울특별시 광진구 천호대로111길 20,37.5572403,127.0824914,80,80.0,80.0,65.0,1828.0,71.0,75.0,45.0
아소비자양센터학원,서울특별시 광진구 자양로3길 70,37.5295085,127.0828485,60,75.0,60.0,46.0,1752.0,122.0,52.0,10.0
광진구의자라다남아미술학원,서울특별시 광진구 아차산로 453,37.5394007,127.0923951,41,48.0,41.0,181.0,10368.0,225.0,120.0,8.0
너머섬미술학원,서울특별시 광진구 자양로 253,37.5491049,127.0894397,640,111.0,111.0,48.0,1909.0,77.0,62.0,28.0
아이꿈틀미술교육학원,서울특별시 광진구 뚝섬로 590,37.5331067,127.0752992,60,56.0,56.0,90.0,3542.0,75.0,55.0,10.0
청출어람보습학원,서울특별시 광진구 아차산로 479,37.5408115,127.0948355,910,77.0,77.0,221.0,11604.0,188.0,104.0,4.0
광진크라센고등관영어학원,서울특별시 광진구 아차산로 552,37.5431583,127.1041888,2040,192.0,192.0,34.0,862.0,36.0,83.0,10.0
월드클래스커피바리스타학원,서울특별시 광진구 군자로 43,37.547115,127.0700222,360,124.0,124.0,25.0,827.0,109.0,67.0,10.0
새미준학원,서울특별시 광진구 뚝섬로33길 34,37.5365712,127.0701466,18,71.0,18.0,72.0,3180.0,191.0,57.0,8.0
독션학원,서울특별시 광진구 천호대로 691,37.5499264,127.0916943,42,59.0,42.0,48.0,1980.0,85.0,53.0,22.0
신지원국어학원,서울특별시 광진구 구의로16길 91,37.5415644,127.0945118,284,71.0,71.0,210.0,11372.0,191.0,100.0,4.0
클라비스수학학원,서울특별시 광진구 구의로16길 89,37.5416947,127.0943838,420,103.0,103.0,210.0,11340.0,191.0,95.0,4.0
순수미술학원,서울특별시 광진구 천호대로131길 7,37.5517336,127.0905436,128,64.0,64.0,52.0,2275.0,98.0,83.0,22.0
본스타성동광진캠퍼스연기학원,서울특별시 광진구 능동로 267,37.5539176,127.0773765,80,66.0,66.0,20.0,1043.0,48.0,75.0,11.0
분석수학교습소,서울특별시 광진구 용마산로3길 93,37.5571008,127.0830786,9,3.0,3.0,66.0,1955.0,74.0,75.0,51.0
다움국어교습소,서울특별시 광진구 아차산로36길 35,37.5363514,127.0745967,44,7.0,7.0,82.0,3663.0,75.0,49.0,10.0
한솔플라톤아카데미자양독서논술학원,서울특별시 광진구 자양번영로 38,37.5328543,127.0758789,40,80.0,40.0,88.0,3548.0,72.0,55.0,10.0
웅진프라임학원,서울특별시 광진구 광나루로 590,37.5425759,127.0939174,100,108.0,100.0,201.0,11309.0,174.0,81.0,4.0
레나바이올린아카데미음악교습소,서울특별시 광진구 광나루로56길 29,37.53739729999999,127.0976212,28,7.0,7.0,119.0,5689.0,99.0,90.0,6.0
기파랑문해원광진학원,서울특별시 광진구 광나루로54길 6,37.5405539,127.0958609,27,75.0,27.0,222.0,11677.0,185.0,93.0,2.0
열방수학교습소,서울특별시 광진구 영화사로7길 24,37.5566238,127.0921941,21,7.0,7.0,32.0,1220.0,82.0,54.0,10.0
리샤김영어교습소,서울특별시 광진구 아차산로 552,37.5431583,127.1041888,72,7.0,7.0,34.0,1047.0,36.0,83.0,10.0
리드인독서논술광진센터학원,서울특별시 광진구 광나루로46길 3,37.5434518,127.0929563,90,70.0,70.0,172.0,10755.0,42.0,75.0,6.0
리도토음악학원,서울특별시 광진구 아차산로69길 6,37.5423625,127.098436,100,40.0,40.0,192.0,10579.0,72.0,98.0,0.0
주스보이스스터디교습소,서울특별시 광진구 구의강변로 95,37.5391005,127.0937621,4,5.0,4.0,207.0,11469.0,238.0,129.0,6.0
그림명상미술교습소,서울특별시 광진구 광나루로56길 63,37.53739729999999,127.0976212,65,5.0,5.0,119.0,5691.0,99.0,90.0,6.0
아트티움창의미술교습소,서울특별시 광진구 자양로40길 48,37.5470308,127.0911931,10,6.0,6.0,58.0,2803.0,37.0,59.0,12.0
광진시소국어교습소,서울특별시 광진구 능동로36길 91,37.5547082,127.0839242,30,6.0,6.0,56.0,1632.0,95.0,37.0,47.0
벡터수학학원,서울특별시 광진구 자양번영로 38,37.5328543,127.0758789,192,73.0,73.0,88.0,3515.0,72.0,55.0,10.0
스마트올클래스구의학원,서울특별시 광진구 광나루로30다길 3,37.5433657,127.0816977,70,112.0,70.0,26.0,1177.0,38.0,12.0,10.0
뮤엠광진초점영어교습소,서울특별시 광진구 광나루로39길 11,37.5454994,127.0887779,80,5.0,5.0,63.0,2717.0,53.0,36.0,9.0
정직한153수학프리미엄관학원,서울특별시 광진구 아차산로 511,37.5421511,127.0981542,168,119.0,119.0,194.0,10512.0,81.0,100.0,0.0
수학지능학원,서울특별시 광진구 광나루로 586,37.5428623,127.0937426,59,82.0,59.0,194.0,11046.0,175.0,81.0,4.0
에이블영어학원,서울특별시 광진구 구의강변로 106,37.5399001,127.0948193,24,84.0,24.0,221.0,11724.0,188.0,124.0,4.0
이지수학교습소,서울특별시 광진구 아차산로 530,37.5419395,127.0996713,10,2.0,2.0,156.0,8386.0,72.0,95.0,0.0
주지은수학교습소,서울특별시 광진구 뚝섬로 631-1,37.5320639,127.0800011,20,4.0,4.0,90.0,3570.0,84.0,72.0,14.0
뉴런과학학원,서울특별시 광진구 뚝섬로35길 9,37.5356572,127.0700386,170,71.0,71.0,80.0,3062.0,177.0,54.0,7.0
놀작자양아트센터미술학원,서울특별시 광진구 능동로4길 38,37.5321852,127.0690312,10,46.0,10.0,71.0,2572.0,141.0,45.0,9.0
에스제이발레2관학원,서울특별시 광진구 아차산로 461,37.5398941,127.0932358,135,50.0,50.0,207.0,11368.0,233.0,135.0,6.0
유니온국어논술학원,서울특별시 광진구 아차산로 459,37.5444761,127.0897654,16,70.0,16.0,80.0,3429.0,61.0,45.0,8.0
사계절아뜰리에미술학원,서울특별시 광진구 뚝섬로33길 34,37.5365712,127.0701466,135,40.0,40.0,72.0,3158.0,191.0,57.0,8.0
한수연유니온수학학원,서울특별시 광진구 아차산로 459,37.5444761,127.0897654,64,75.0,64.0,80.0,3381.0,61.0,45.0,8.0
리드앤톡영어도서관학원,서울특별시 광진구 구의강변로 106,37.5399001,127.0948193,327,69.0,69.0,221.0,11679.0,188.0,124.0,4.0
아트스테이무용학원,서울특별시 광진구 천호대로 805,37.5457426,127.1032685,40,55.0,40.0,31.0,1504.0,48.0,96.0,8.0
형이랑미술학원,서울특별시 광진구 자양로43길 57,37.5531401,127.089906,240,70.0,70.0,54.0,2446.0,102.0,84.0,34.0
오성호영어채널원격학원,서울특별시 광진구 천호대로 536,37.5574963,127.0776573,30,100.0,30.0,49.0,1802.0,70.0,97.0,57.0
T.M수학교습소,서울특별시 광진구 용마산로3길 93,37.5571008,127.0830786,9,3.0,3.0,66.0,1955.0,74.0,75.0,51.0
뮤엠영어강변교습소,서울특별시 광진구 광나루로56길 29,37.53739729999999,127.0976212,30,6.0,6.0,119.0,5690.0,99.0,90.0,6.0
소시오툰즈원격학원,서울특별시 광진구 능동로 266,37.5537013,127.0778977,6,50.0,6.0,21.0,1167.0,45.0,70.0,37.0
역사박사원격학원,서울특별시 광진구 아차산로49길 103,37.5415536,127.0844919,100,50.0,50.0,41.0,1740.0,70.0,15.0,10.0
코딩하루교습소,서울특별시 광진구 천호대로111길 35,37.557918,127.0825732,42,6.0,6.0,66.0,2020.0,76.0,96.0,50.0
숨뮤직아카데미학원,서울특별시 광진구 능동로 442,37.5680238,127.0857309,60,44.0,44.0,25.0,1334.0,71.0,72.0,4.0
하이탑수학학원,서울특별시 광진구 자양로5길 36,37.531206,127.0837497,36,107.0,36.0,56.0,2011.0,155.0,62.0,8.0
바른국어교습소,서울특별시 광진구 동일로72길 30,37.5655542,127.0792109,18,6.0,6.0,26.0,1051.0,81.0,84.0,28.0
해랑미술교습소,서울특별시 광진구 자양로 259,37.5493627,127.089732,90,9.0,9.0,48.0,2011.0,76.0,55.0,22.0
티쿤올람수학교습소,서울특별시 광진구 군자로 67,37.5492615,127.0705598,12,4.0,4.0,19.0,828.0,52.0,68.0,10.0
이룸국영수학원,서울특별시 광진구 뚝섬로56길 23,37.5303566,127.0827718,276,71.0,71.0,48.0,1750.0,68.0,57.0,8.0
샤론클라비어음악학원,서울특별시 광진구 뚝섬로64길 10,37.5331,127.0886974,55,33.0,33.0,23.0,1339.0,126.0,68.0,6.0
참나무교육원격학원,서울특별시 광진구 아차산로78길 75,37.5516182,127.1109471,50,100.0,50.0,3.0,247.0,16.0,9.0,8.0
한수학교습소,서울특별시 광진구 광나루로39길 11,37.5454994,127.0887779,24,4.0,4.0,63.0,2718.0,53.0,36.0,9.0
모네미술교습소,서울특별시 광진구 자양번영로 48,37.5337708,127.0761036,20,5.0,5.0,88.0,3594.0,77.0,56.0,11.0
크림슨영어교습소,서울특별시 광진구 자양로 246,37.5483357,127.0892117,9,3.0,3.0,49.0,2147.0,33.0,65.0,28.0
필립영어교습소,서울특별시 광진구 아차산로70길 62,37.5406205,127.0986045,6,2.0,2.0,206.0,10458.0,83.0,97.0,0.0
에이플러스수학전문학원,서울특별시 광진구 뚝섬로 668,37.5315414,127.0837348,18,79.0,18.0,60.0,2540.0,94.0,66.0,8.0
밸류인수학광진2관학원,서울특별시 광진구 아차산로 484,37.540724,127.0956717,120,149.0,120.0,218.0,11392.0,187.0,89.0,2.0
수학공간수학교습소,서울특별시 광진구 동일로38길 15,37.5514184,127.0703291,20,4.0,4.0,19.0,865.0,34.0,53.0,10.0
보컬플래닛실용음악학원,서울특별시 광진구 천호대로 576,37.5558723,127.0818222,70,37.0,37.0,67.0,2004.0,65.0,63.0,47.0
아트블룸미술학원,서울특별시 광진구 자양로 170,37.5427953,127.084605,235,47.0,47.0,48.0,1721.0,64.0,24.0,16.0
삼성영어보습학원,서울특별시 광진구 뚝섬로56길 59,37.5288562,127.0829213,140,71.0,71.0,44.0,1564.0,110.0,49.0,10.0
좋은소리음악교습소,서울특별시 광진구 동일로72길 34,37.5655233,127.0793634,18,3.0,3.0,26.0,1054.0,84.0,84.0,30.0
씨앤씨애니스타미술학원,서울특별시 광진구 천호대로 579,37.5564322,127.0826217,442,129.0,129.0,66.0,1779.0,77.0,52.0,49.0
품격일본어교습소,서울특별시 광진구 자양로3가길 3,37.5299102,127.084201,18,5.0,5.0,52.0,1905.0,118.0,55.0,6.0
퓨즈광진실용음악학원,서울특별시 광진구 아차산로 306,37.5378948,127.0768343,40,45.0,40.0,26.0,902.0,71.0,14.0,9.0
잉글리쉬잇업보습학원,서울특별시 광진구 능동로4길 17,37.533423,127.0688046,32,70.0,32.0,72.0,2700.0,148.0,48.0,9.0
광진구주이배카이관학원,서울특별시 광진구 광나루로 604,37.5415728,127.0949101,120,134.0,120.0,209.0,11407.0,186.0,91.0,2.0
에스독학재수학원,서울특별시 광진구 광나루로 582,37.5430855,127.0933652,210,85.0,85.0,175.0,10785.0,183.0,84.0,6.0
진영어교습소,서울특별시 광진구 아차산로 522,37.5419395,127.0996713,56,8.0,8.0,156.0,8380.0,72.0,95.0,0.0
감각영어교습소,서울특별시 광진구 자양로23길 83,37.5439705,127.0838323,45,5.0,5.0,36.0,1351.0,54.0,15.0,12.0
수능콘서트보습학원,서울특별시 광진구 아차산로 445,37.5390167,127.0918539,39,72.0,39.0,172.0,9863.0,241.0,125.0,10.0
청담클루빌보습학원,서울특별시 광진구 천호대로113길 5,37.5575368,127.0830728,90,78.0,78.0,66.0,1880.0,75.0,75.0,53.0
눈높이러닝센타아차산보습학원,서울특별시 광진구 영화사로 47,37.5560566,127.0919585,1305,70.0,70.0,42.0,1656.0,91.0,64.0,26.0
에스에이치보습학원,서울특별시 광진구 광나루로 586,37.5428623,127.0937426,320,77.0,77.0,194.0,11028.0,175.0,81.0,4.0
더아트미술학원,서울특별시 광진구 아차산로 499,37.5424654,127.0962926,56,62.0,56.0,214.0,11456.0,92.0,97.0,0.0
윤선생영어광장보습학원,서울특별시 광진구 아차산로 499,37.5424654,127.0962926,120,74.0,74.0,214.0,11438.0,92.0,97.0,0.0
키즈칼리지워커힐어학학원,서울특별시 광진구 아차산로 494,37.541154,127.0967128,152,207.0,152.0,220.0,11679.0,183.0,103.0,0.0
애니포스미술학원,서울특별시 광진구 광나루로 416,37.54649510000001,127.0755874,110,78.0,78.0,4.0,259.0,68.0,56.0,4.0
153수학학원,서울특별시 광진구 광나루로54길 32,37.5394662,127.0951348,168,139.0,139.0,221.0,11609.0,189.0,118.0,4.0
알파트리학원,서울특별시 광진구 자양번영로 17,37.5312533,127.0748645,211,70.0,70.0,69.0,3074.0,51.0,52.0,12.0
광진ECC어학학원,서울특별시 광진구 아차산로 471,37.5404134,127.0939444,58,269.0,58.0,212.0,11718.0,196.0,131.0,6.0
매쓰플랜보습학원,서울특별시 광진구 뚝섬로 558,37.5340724,127.0718277,84,80.0,80.0,108.0,4318.0,150.0,62.0,6.0
베리타스탑영어보습학원,서울특별시 광진구 광나루로 606,37.5413415,127.0951373,40,71.0,40.0,219.0,11616.0,186.0,88.0,2.0
애플트리센클영어학원,서울특별시 광진구 능동로4길 61,37.5319578,127.0704582,149,80.0,80.0,90.0,3737.0,143.0,59.0,5.0
상상미술교습소,서울특별시 광진구 용마산로3길 104,37.5574636,127.0826587,85,9.0,9.0,66.0,1949.0,71.0,84.0,47.0
두앤비수학보습학원,서울특별시 광진구 광나루로 601,37.5420969,127.0952129,220,183.0,183.0,209.0,11344.0,186.0,97.0,2.0
해오름미술학원,서울특별시 광진구 영화사로 47,37.5560566,127.0919585,41,38.0,38.0,42.0,1688.0,91.0,64.0,26.0
국풍2000광진관학원,서울특별시 광진구 아차산로 478,37.540312,127.095016,234,122.0,122.0,221.0,11559.0,188.0,114.0,4.0
소마사고력수학학원,서울특별시 광진구 아차산로 478,37.540312,127.095016,56,115.0,56.0,221.0,11625.0,188.0,114.0,4.0
미주음악교습소,서울특별시 광진구 군자로 92-1,37.5513664,127.0712917,28,4.0,4.0,23.0,1219.0,36.0,66.0,10.0
그림아트스튜디오미술교습소,서울특별시 광진구 뚝섬로37길 11,37.5350143,127.0716811,24,9.0,9.0,105.0,4307.0,175.0,62.0,7.0
탑클래스수학보습학원,서울특별시 광진구 아차산로 478,37.540312,127.095016,126,70.0,70.0,221.0,11611.0,188.0,114.0,4.0
학연학원,서울특별시 광진구 뚝섬로 558,37.5340724,127.0718277,102,77.0,77.0,108.0,4321.0,150.0,62.0,6.0
수좌보습학원,서울특별시 광진구 광나루로 580,37.5432411,127.0932438,445,117.0,117.0,176.0,10762.0,98.0,82.0,6.0
푸른솔컴퓨터학원,서울특별시 광진구 뚝섬로 681,37.5324975,127.0849993,80,58.0,58.0,58.0,2754.0,79.0,86.0,9.0
이손음악교습소,서울특별시 광진구 군자로 82,37.550391,127.0711679,144,9.0,9.0,19.0,938.0,48.0,68.0,10.0
GT수학교습소,서울특별시 광진구 광나루로36길 42,37.5430909,127.0860012,52,4.0,4.0,50.0,1835.0,71.0,36.0,18.0
명문주산교습소,서울특별시 광진구 능동로6길 22,37.534056,127.0692057,63,5.0,5.0,72.0,2727.0,149.0,48.0,10.0
멘토보습학원,서울특별시 광진구 자양로 170,37.5427953,127.084605,80,75.0,75.0,48.0,1693.0,64.0,24.0,16.0
한우리국어교습소,서울특별시 광진구 구의강변로 96,37.5384981,127.0946643,7,7.0,7.0,192.0,10494.0,238.0,133.0,6.0
아이네클라이네음악학원,서울특별시 광진구 구의강변로 106,37.5399001,127.0948193,118,32.0,32.0,221.0,11716.0,188.0,124.0,4.0
열린이화음악교습소,서울특별시 광진구 용마산로2길 31,37.5553877,127.0900643,45,5.0,5.0,57.0,2097.0,101.0,81.0,34.0
고운빛독서실,서울특별시 광진구 자양번영로 52,37.5340871,127.0760397,82,82.0,82.0,88.0,3517.0,77.0,58.0,11.0
New예일피아노교습소,서울특별시 광진구 뚝섬로37길 11,37.5350143,127.0716811,25,5.0,5.0,105.0,4311.0,175.0,62.0,7.0
매쓰플랜자양2관학원,서울특별시 광진구 뚝섬로36길 18,37.5334492,127.0704997,24,80.0,24.0,106.0,4353.0,140.0,59.0,9.0
임박사의일본가자통역학원,서울특별시 광진구 구의강변로 83,37.5381481,127.0935026,278,139.0,139.0,160.0,9004.0,245.0,136.0,6.0
꿈꾸는화가미술교습소,서울특별시 광진구 자양로6길 40,37.53269239999999,127.0880208,35,8.0,8.0,28.0,1560.0,131.0,71.0,4.0
엘리트뮤지션피아노교습소,서울특별시 광진구 능동로32길 53,37.5543731,127.0815934,8,2.0,2.0,58.0,1950.0,59.0,52.0,43.0
꼭두일러스트학원,서울특별시 광진구 뚝섬로64길 50,37.5314369,127.0888456,300,50.0,50.0,19.0,698.0,111.0,61.0,4.0
아이러브음악교습소,서울특별시 광진구 천호대로136길 56,37.5474064,127.0896814,15,5.0,5.0,45.0,1919.0,42.0,60.0,12.0
제임스영어학원,서울특별시 광진구 아차산로 477,37.540732,127.094682,70,81.0,70.0,221.0,11611.0,188.0,105.0,4.0
준아카데미보습학원,서울특별시 광진구 아차산로 623,37.548496,127.106796,60,44.0,44.0,13.0,852.0,57.0,70.0,18.0
예아음악교습소,서울특별시 광진구 긴고랑로7길 70,37.5663567,127.080811,45,9.0,9.0,27.0,1092.0,80.0,97.0,32.0
홍선생피아노교습소,서울특별시 광진구 뚝섬로56길 59,37.5288562,127.0829213,25,5.0,5.0,44.0,1630.0,110.0,49.0,10.0
글렌피아노교습소,서울특별시 광진구 구의강변로3길 13,37.5357805,127.0911766,40,4.0,4.0,38.0,1734.0,186.0,120.0,10.0
옵트미어영수학원,서울특별시 광진구 뚝섬로41길 8,37.5339368,127.0751097,170,55.0,55.0,100.0,4014.0,72.0,56.0,11.0
하이클래스보습학원,서울특별시 광진구 뚝섬로 655,37.5315998,127.0823202,136,77.0,77.0,55.0,2363.0,77.0,61.0,10.0
해법영어최선엘리트학원,서울특별시 광진구 천호대로 136길 46,37.54776349999999,127.0900713,170,68.0,68.0,49.0,2082.0,35.0,59.0,12.0
에이스에듀케이션학원,서울특별시 광진구 아차산로 471,37.5404134,127.0939444,48,128.0,48.0,212.0,11728.0,196.0,131.0,6.0
숨피아노교습소,서울특별시 광진구 동일로26길 46,37.5447084,127.0683161,40,9.0,9.0,23.0,1758.0,132.0,53.0,17.0
한가람보습학원,서울특별시 광진구 영화사로 19,37.557691,127.0896293,96,50.0,50.0,42.0,1361.0,89.0,60.0,10.0
