,Unnamed: 0,학원명,도로명주소,위도,경도,정원합계,일시수용능력인원합계
0,0,생명을살리는수학창의교육보습학원,서울특별시 광진구 구의강변로 106,37.5399001,127.0948193,24,85.0
1,1,시엘음악학원,서울특별시 광진구 용마산로21길 27,37.5634854,127.0859389,40,63.0
2,2,성신에듀학원,서울특별시 광진구 자양로22길 24,37.5394904,127.0846921,255,53.0
3,3,청람보습학원,서울특별시 광진구 용마산로 100,37.5626083,127.087319,90,90.0
4,4,상명보습학원,서울특별시 광진구 자양로 181-1,37.543898,127.0845631,59,115.0
5,5,위너스아카데미학원,서울특별시 광진구 뚝섬로64길 42,37.5317302,127.0888652,24,40.0
6,6,창조의아침미술학원,서울특별시 광진구 천호대로 566,37.5563402,127.0806204,5495,111.0
7,7,성지미술학원,서울특별시 광진구 자양로50길 17,37.5521757,127.0933669,20,82.0
8,8,가람음악학원,서울특별시 광진구 뚝섬로36길 15,37.533733,127.0714588,480,54.0
9,9,한일컴퓨터학원,서울특별시 광진구 용마산로 93,37.5619087,127.0870137,632,47.0
10,10,조이학원,서울특별시 광진구 면목로 137,37.5656602,127.0808767,40,77.0
11,11,대진독서실,서울특별시 광진구 면목로 155,37.5673131,127.0817901,192,96.0
12,12,구의음악학원,서울특별시 광진구 자양로41길 7,37.5497219,127.0898572,180,12.0
13,13,포레음악학원,서울특별시 광진구 자양로13길 61,37.5337338,127.0814398,165,53.0
14,14,신글로리음악학원,서울특별시 광진구 자양로 294,37.5517515,127.0923627,80,11.0
15,15,자매음악학원,서울특별시 광진구 동일로24길 13,37.5439693,127.0660367,35,22.0
16,16,동부대일보습학원,서울특별시 광진구 영화사로 32,37.5567329,127.0903676,408,120.0
17,17,강북전문가집단보습학원,서울특별시 광진구 용마산로 111,37.5635935,127.0866729,540,114.0
18,18,서울필음악학원,서울특별시 광진구 뚝섬로 587,37.5335228,127.0754315,66,13.0
19,19,예원음악학원,서울특별시 광진구 자양로 282-1,37.5509934,127.0917623,84,12.0
20,20,포일스독서실,서울특별시 광진구 아차산로 623,37.548496,127.106796,352,176.0
21,21,스터디뱅크독서실,서울특별시 광진구 뚝섬로33길 45,37.5370226,127.0700899,553,79.0
22,22,군자스터디뱅크독서실,서울특별시 광진구 군자로 100,37.5519103,127.0714764,128,128.0
23,23,지니음악학원,서울특별시 광진구 영화사로 29-1,37.5570335,127.0905629,90,34.0
24,24,유니버설발레학원,서울특별시 광진구 천호대로 670,37.55104770000001,127.0895364,165,95.0
25,25,엘림보습학원,서울특별시 광진구 천호대로 616,37.5543504,127.0857568,23,50.0
26,26,GMstudy학원,서울특별시 광진구 아차산로 494,37.541154,127.0967128,42,75.0
27,27,서울학원,서울특별시 광진구 자양로42길 2,37.5493218,127.0904011,156,248.0
28,28,전문가집단보습학원,서울특별시 광진구 용마산로 111,37.5635935,127.0866729,552,43.0
29,29,유니크(Unique)보습학원,서울특별시 광진구 뚝섬로 590,37.5331067,127.0752992,330,150.0
30,30,위드스카이학원,서울특별시 광진구 뚝섬로56길 21,37.5304977,127.0827277,65292,70.0
31,31,올림피아드보습학원,서울특별시 광진구 아차산로 376,37.5364443,127.0844799,504,299.0
32,32,광개토아카데미보습학원,서울특별시 광진구 용마산로 114,37.5638778,127.0871117,320,84.0
33,33,성심보습학원,서울특별시 광진구 능동로13길 102,37.5460087,127.0682278,279,70.0
34,34,이드미술학원,서울특별시 광진구 아차산로 191,37.5420462,127.0651456,360,50.0
35,35,공신보습학원,서울특별시 광진구 동일로 274,37.5557399,127.0719634,134,93.0
36,36,한국보습학원,서울특별시 광진구 아차산로 201,37.5417904,127.0660431,440,100.0
37,37,진학학원,서울특별시 광진구 군자로 138,37.553954,127.0746597,165,119.0
38,38,혜민병원부설간호조무사학원,서울특별시 광진구 자양로 81,37.5350613,127.0838543,285,95.0
39,39,탑(Top)고려보습학원,서울특별시 광진구 능동로 373,37.5627248,127.0822682,840,169.0
40,40,서울관악보습학원,서울특별시 광진구 아차산로 635,37.55052450000001,127.1065516,65,45.0
41,41,해강학원,서울특별시 광진구 광나루로 621,37.5407819,127.0967829,18,74.0
42,42,가주수학학원,서울특별시 광진구 자양번영로 26,37.5319521,127.0755506,190,169.0
43,43,서울제과제빵조리학원,서울특별시 광진구 아차산로 201,37.5417904,127.0660431,531,177.0
44,44,청운독서실,서울특별시 광진구 자양로26길 31,37.5415764,127.0857397,90,90.0
45,45,스터디엔카페건대입구센터독서실,서울특별시 광진구 능동로 49,37.5358139,127.0683342,110,97.0
46,46,퍼스트요리아카데미건대점학원,서울특별시 광진구 아차산로 238,37.53998,127.0695528,470,216.0
47,47,새이화음악학원,서울특별시 광진구 군자로 138,37.553954,127.0746597,75,12.0
48,48,집중스터디카페앤독서실,서울특별시 광진구 아차산로70길 22,37.5420899,127.1013675,2208,138.0
49,49,중앙보습학원,서울특별시 광진구 영화사로 34,37.55659010000001,127.0905058,80,91.0
50,50,이엠보습학원,서울특별시 광진구 영화사로 59-1,37.5552465,127.0931079,54,60.0
51,51,씨원수학학원,서울특별시 광진구 아차산로 499,37.5424654,127.0962926,50,72.0
52,52,하이스트자양보습학원,서울특별시 광진구 뚝섬로 587,37.5335228,127.0754315,771,100.0
53,53,에페슈즈앤백디자인학원,서울특별시 광진구 아차산로 187,37.5423197,127.0646508,177,59.0
54,54,J.B음악학원,서울특별시 광진구 뚝섬로 489,37.5364865,127.0648626,295,80.0
55,55,샤인영어학원,서울특별시 광진구 아차산로65길 14,37.5410475,127.0940895,106,136.0
56,56,비젼아카데미보습학원,서울특별시 광진구 군자로 80,37.5502628,127.0711262,360,62.0
57,57,와이즈만영재보습학원,서울특별시 광진구 광나루로 556,37.5442671,127.0911709,144,173.0
58,58,최고수보습학원,서울특별시 광진구 아차산로 621,37.5484962,127.1072266,290,88.0
59,59,대치동에듀케이션보습학원,서울특별시 광진구 긴고랑로13길 47,37.5645849,127.0826232,72,72.0
60,60,한국사관보습학원,서울특별시 광진구 용마산로24길 6,37.5651108,127.0871832,115,96.0
61,61,YBM잉글루자양제1학습관보습학원,서울특별시 광진구 뚝섬로36길 15,37.533733,127.0714588,145,58.0
62,62,올림피아드영재센터보습학원,서울특별시 광진구 자양로 90,37.5358295,127.084207,790,136.0
63,63,제스트영수학원,서울특별시 광진구 광나루로 588,37.5426814,127.0938172,25,77.0
64,64,피아노리음악교습소,서울특별시 광진구 아차산로55길 43-1,37.5393809,127.0863237,45,6.0
65,65,신연세보습학원,서울특별시 광진구 자양로 294-1,37.5518417,127.0924505,60,70.0
66,66,애니벅스미술학원,서울특별시 광진구 능동로 161,37.5452955,127.0727509,720,66.0
67,67,엘림피아노교습소,서울특별시 광진구 아차산로21길 50,37.5440955,127.0661041,9,3.0
68,68,잉글리쉬무무자양보습학원,서울특별시 광진구 뚝섬로 558,37.5340724,127.0718277,740,45.0
69,69,HK수학교습소,서울특별시 광진구 구의강변로 45,37.5349817,127.0912558,24,8.0
70,70,최용훈국어광진광장학원,서울특별시 광진구 광나루로54길 6,37.5405539,127.0958609,57,74.0
71,71,더노엠워커힐어학학원,서울특별시 광진구 아차산로 623,37.548496,127.106796,132,90.0
72,72,메아리음악교습소,서울특별시 광진구 아차산로44길 36,37.5364604,127.0789832,25,5.0
73,73,이화이레음악학원,서울특별시 광진구 동일로72길 46,37.5653083,127.0799294,540,13.0
74,74,한양음악학원,서울특별시 광진구 아차산로 503,37.5425096,127.0977483,153,15.0
75,75,엠플러스광진학원,서울특별시 광진구 아차산로 494,37.541154,127.0967128,80,123.0
76,76,THN최상위영수학원,서울특별시 광진구 자양로 186,37.5440106,127.0851259,90,100.0
77,77,음악천사피아노교습소,서울특별시 광진구 광나루로40길 93,37.5405466,127.0887217,30,5.0
78,78,에듀프라임학원,서울특별시 광진구 영화사로 64-1,37.5547344,127.0932663,468,91.0
79,79,우리들학원,서울특별시 광진구 용마산로 96,37.5623037,127.0873816,48,96.0
80,80,베스트최현숙학원,서울특별시 광진구 광나루로 620,37.5407033,127.0960559,106,126.0
81,81,피아주르음악교습소,서울특별시 광진구 동일로56길 38,37.5555332,127.0740922,25,7.0
82,82,하모니음악교습소,서울특별시 광진구 구의로16길 68,37.5422944,127.0934762,25,5.0
83,83,수피아노교습소,서울특별시 광진구 뚝섬로36가길 8,37.5321307,127.0710209,2,2.0
84,84,아르떼피아노교습소,서울특별시 광진구 천호대로129길 48,37.5535568,127.0919635,50,5.0
85,85,이화멜로디음악교습소,서울특별시 광진구 뚝섬로56가길 13,37.5285792,127.0834469,40,9.0
86,86,위드맴버스학원,서울특별시 광진구 광나루로 582,37.5430855,127.0933652,100,76.0
87,87,TOP명문보습학원,서울특별시 광진구 뚝섬로 657,37.5316633,127.0826361,235,136.0
88,88,더상승플러스학원,서울특별시 광진구 용마산로 112,37.5636979,127.087144,200,113.0
89,89,구의감각학원,서울특별시 광진구 자양로 162,37.5421002,127.0842633,215,96.0
90,90,세움수학교습소,서울특별시 광진구 능동로13길 70-1,37.544865,127.0692173,50,5.0
91,91,헬리오수학교습소,서울특별시 광진구 아차산로 499,37.5424654,127.0962926,4,2.0
92,92,명장보습학원,서울특별시 광진구 자양번영로 42,37.5333293,127.0759792,589,81.0
93,93,유니센스일대일영어통역학원,서울특별시 광진구 능동로 333,37.5593981,127.0804083,11,76.0
94,94,강한수학교습소,서울특별시 광진구 구의강변로 96,37.5384981,127.0946643,27,9.0
95,95,브레인학원,서울특별시 광진구 능동로47길 7,37.5629294,127.0821809,528,70.0
96,96,참조은예일보습학원,서울특별시 광진구 광나루로 531,37.54512649999999,127.088676,259,15.0
97,97,JLS일본어교습소,서울특별시 광진구 아차산로 498,37.5412812,127.0968001,6,3.0
98,98,모노아트미술교습소,서울특별시 광진구 광나루로 635,37.5406205,127.0986045,24,8.0
99,99,표현영어학원,서울특별시 광진구 구의로16길 93,37.5414759,127.0945981,30,75.0
100,100,뿌리깊은수학나무보습학원,서울특별시 광진구 구의로16길 91,37.5415644,127.0945118,50,66.0
101,101,바스키즈미술학원,서울특별시 광진구 구의강변로 106,37.5399001,127.0948193,71,59.0
102,102,써니이스턴(Sunny EST)영어학원,서울특별시 광진구 자양로 160,37.5418772,127.0842465,45,77.0
103,103,아트센터173미술교습소,서울특별시 광진구 천호대로117길 62,37.5576523,127.0853206,9,3.0
104,104,삼성음악교습소,서울특별시 광진구 아차산로70길 17-17,37.5414998,127.1032682,25,9.0
105,105,경희제일피아노음악교습소,서울특별시 광진구 광나루로30길 35,37.5436828,127.0817666,55,5.0
106,106,뉴프라임피아노교습소,서울특별시 광진구 광나루로56길 29,37.53739729999999,127.0976212,4,2.0
107,107,구의이화음악교습소,서울특별시 광진구 아차산로59길 42,37.5402908,127.0908091,50,5.0
108,108,유토피아수학교습소,서울특별시 광진구 군자로12길 16,37.5510068,127.0719873,35,5.0
109,109,한국가야금교습소,서울특별시 광진구 능동로19길 35,37.5470672,127.071841,27,9.0
110,110,라라피아노교습소,서울특별시 광진구 자양번영로11길 35-10,37.5369922,127.0745209,18,1.0
111,111,이미선음악교습소,서울특별시 광진구 자양번영로1길 23,37.5307087,127.0735819,30,9.0
112,112,예림피아노교습소,서울특별시 광진구 광나루로38길 73,37.54160150000001,127.0873097,20,5.0
113,113,비인피아노교습소,서울특별시 광진구 자양로4나길 47,37.530536,127.0888448,2,5.0
114,114,디지털컴퓨터교습소,서울특별시 광진구 아차산로 530,37.5419395,127.0996713,50,5.0
115,115,명성피아노교습소,서울특별시 광진구 뚝섬로32길 4,37.5353741,127.0672602,15,5.0
116,116,린음악교습소,서울특별시 광진구 자양로13길 87-1,37.5328441,127.0803767,65,5.0
117,117,모짜르트음악교습소,서울특별시 광진구 뚝섬로32길 23,37.5344676,127.0670898,15,5.0
118,118,예성음악교습소,서울특별시 광진구 자양로30길 14,37.5436321,127.0857079,50,5.0
119,119,새쇼팽피아노교습소,서울특별시 광진구 뚝섬로54길 35,37.5299791,127.0803246,55,5.0
120,120,슬기피아노교습소,서울특별시 광진구 뚝섬로37길 11,37.5350143,127.0716811,6,2.0
121,121,모마미술교습소,서울특별시 광진구 아차산로 522,37.5419395,127.0996713,154,8.0
122,122,소해서예교습소,서울특별시 광진구 광나루로 606,37.5413415,127.0951373,36,9.0
123,123,프레이즈뮤직음악교습소,서울특별시 광진구 천호대로119길 26,37.5560021,127.0862428,70,8.0
124,124,라음피아노음악교습소,서울특별시 광진구 아차산로 549,37.5441452,127.1015274,36,9.0
125,125,양혜원피아노교습소,서울특별시 광진구 자양로32길 72,37.5439803,127.0891598,15,5.0
126,126,송현서당교습소,서울특별시 광진구 영화사로9길 63,37.5571024,127.0940141,5,5.0
127,127,베르디음악교습소,서울특별시 광진구 능동로4길 65,37.5317681,127.0705094,40,5.0
128,128,이성희피아노교습소,서울특별시 광진구 아차산로 552,37.5431583,127.1041888,25,5.0
129,129,위드성신피아노교습소,서울특별시 광진구 자양로22길 24,37.5394904,127.0846921,35,8.0
130,130,다빈치미술교습소,서울특별시 광진구 아차산로44길 35,37.5362959,127.0790291,8,4.0
131,131,메이저수학학원,서울특별시 광진구 자양로3길 59,37.5295743,127.0834717,42,83.0
132,132,박선생과학교습소,서울특별시 광진구 아차산로 464,37.5396198,127.0936261,12,6.0
133,133,덴간호조무사학원,서울특별시 광진구 아차산로 201,37.5417904,127.0660431,560,145.0
134,134,메타스콜레광진학원,서울특별시 광진구 광나루로 590,37.5425759,127.0939174,10,68.0
135,135,매쓰피아수학학원,서울특별시 광진구 광나루로 584,37.54305129999999,127.0935523,81,70.0
136,136,리틀모짜르트피아노교습소,서울특별시 광진구 천호대로136길 43,37.547655,127.0902789,6,2.0
137,137,아주특별한미술시간교습소,서울특별시 광진구 아차산로69길 36,37.5436783,127.0986921,12,6.0
138,138,그림이야기미술교습소,서울특별시 광진구 뚝섬로33길 20,37.5356572,127.0700386,135,9.0
139,139,뉴스트학원,서울특별시 광진구 용마산로5길 47,37.5573412,127.0851373,156,75.0
140,140,국풍2000풀무국어학원,서울특별시 광진구 용마산로 92,37.5618479,127.0874695,136,68.0
141,141,스터디엔카페독서실,서울특별시 광진구 자양로9길 5,37.53367739999999,127.0841031,130,124.0
142,142,비발디피아노음악교습소,서울특별시 광진구 자양로40길 40,37.5472419,127.0908503,100,9.0
143,143,이엔아이음악학원,서울특별시 광진구 구의강변로 88,37.5383844,127.0941201,70,20.0
144,144,광진일관정상어학원,서울특별시 광진구 아차산로 462,37.539496,127.0934178,160,120.0
145,145,은혜피아노학원,서울특별시 광진구 아차산로 499,37.5424654,127.0962926,51,20.0
146,146,발레미학무용학원,서울특별시 광진구 뚝섬로 558,37.5340724,127.0718277,40,63.0
147,147,라온제나반올림음악학원,서울특별시 광진구 뚝섬로 541,37.5349189,127.0703778,120,33.0
148,148,BLS에듀센터영어(Edu Center English)학원,서울특별시 광진구 광나루로 607,37.5419607,127.095718,58,77.0
149,149,에듀뱅크과학국어영어학원,서울특별시 광진구 용마산로 89,37.5615905,127.0870752,24,80.0
150,150,다금바이올린교습소,서울특별시 광진구 광나루로 635,37.5406205,127.0986045,4,4.0
151,151,지엘이씨어학학원,서울특별시 광진구 자양로 90,37.5358295,127.084207,166,260.0
152,152,비바체음악교습소,서울특별시 광진구 자양로 317-1,37.553793,127.0935918,38,9.0
153,153,온탑(ONTOP)학원,서울특별시 광진구 자양번영로 48,37.5337708,127.0761036,40,82.0
154,154,소원서예교습소,서울특별시 광진구 뚝섬로 649,37.5316229,127.0818249,26,8.0
155,155,프리연기학원,서울특별시 광진구 아차산로30길 39,37.53889059999999,127.0673902,40,108.0
156,156,1095보습학원,서울특별시 광진구 광나루로 588,37.5426814,127.0938172,64,101.0
157,157,하늘구름피아노교습소,서울특별시 광진구 뚝섬로58가길 26,37.5304114,127.0833957,24,5.0
158,158,강한학원,서울특별시 광진구 뚝섬로 646,37.5313977,127.0811578,70,92.0
159,159,생각하는미술교습소,서울특별시 광진구 자양로3길 68,37.5295734,127.0829834,15,7.0
160,160,꿈꾸는현대미술교습소,서울특별시 광진구 능동로6길 16,37.5340972,127.0690377,133,7.0
161,161,윤선생영어숲광진보습학원,서울특별시 광진구 뚝섬로 545,37.5347885,127.0712566,324,81.0
162,162,유톡영어교습소,서울특별시 광진구 동일로72길 46,37.5653083,127.0799294,24,8.0
163,163,명인독서실,서울특별시 광진구 뚝섬로56길 29,37.530134,127.0827905,140,70.0
164,164,엠아이파라다이스아트(MIParadiseArt)미술교습소,서울특별시 광진구 광장로3길 2,37.5472723,127.1032178,15,9.0
165,165,네오매쓰수학학원,서울특별시 광진구 구의강변로3길 11,37.5356917,127.0914002,155,92.0
166,166,뉴튼의어깨과학교습소,서울특별시 광진구 뚝섬로 552,37.5342435,127.0712757,12,4.0
167,167,문성중국어교습소,서울특별시 광진구 긴고랑로7길 64,37.5660746,127.0806666,24,4.0
168,168,오채미술학원,서울특별시 광진구 자양로 251,37.5490121,127.0892921,70,47.0
169,169,오름수학교습소,서울특별시 광진구 뚝섬로35길 9,37.5356572,127.0700386,57,4.0
170,170,피엠피(PMP)영어학원,서울특별시 광진구 광나루로 606,37.5413415,127.0951373,69,82.0
171,171,신명음악교습소,서울특별시 광진구 뚝섬로56길 44,37.5294443,127.0825831,20,3.0
172,172,그레이스음악교습소,서울특별시 광진구 자양로51길 59,37.5550462,127.0907077,20,8.0
173,173,샤론피아노교습소,서울특별시 광진구 뚝섬로52라길 36,37.5293246,127.0805285,45,5.0
174,174,홍피아노교습소,서울특별시 광진구 군자로 165,37.5555904,127.076958,12,5.0
175,175,일러스트만화학원,서울특별시 광진구 능동로 347-1,37.5605894,127.0811042,90,30.0
176,176,다솜음악학원,서울특별시 광진구 용마산로7길 30,37.5595393,127.0861376,205,22.0
177,177,에이스원영어학원,서울특별시 광진구 뚝섬로 541,37.5349189,127.0703778,18,71.0
178,178,아트피플미술학원,서울특별시 광진구 광나루로 580,37.5432411,127.0932438,80,58.0
179,179,이황학원,서울특별시 광진구 영화사로 64,37.5548726,127.0930904,264,71.0
180,180,눈높이러닝센터중곡보습학원,서울특별시 광진구 능동로38길 39,37.5572097,127.0819886,1305,75.0
181,181,렛츠에듀편입학원,서울특별시 광진구 능동로13길 39,37.5435023,127.0699004,396,152.0
182,182,자성학원,서울특별시 광진구 뚝섬로 552,37.5342435,127.0712757,98,103.0
183,183,베베궁광진어학원,서울특별시 광진구 아차산로 478,37.540312,127.095016,26,147.0
184,184,홍수현의생각하는아이논술교습소,서울특별시 광진구 광나루로52길 41,37.54036560000001,127.0934778,24,6.0
185,185,윤선생영어숲자양보습학원,서울특별시 광진구 뚝섬로56길 38-1,37.5296497,127.0825596,380,71.0
186,186,GBS학습속독교습소,서울특별시 광진구 뚝섬로 539,37.5350424,127.0700693,75,5.0
187,187,파랑키즈어학원,서울특별시 광진구 동일로20길 20,37.5411181,127.0647455,1440,158.0
188,188,올림픽심슨어학원,서울특별시 광진구 광나루로 603,37.5420151,127.0955975,480,164.0
189,189,아발론랭콘광진어학원,서울특별시 광진구 광나루로 602,37.5417868,127.0946996,976,140.0
190,190,에듀코치개별지도구의학원,서울특별시 광진구 광나루로 600,37.5419375,127.0945505,1050,101.0
191,191,센띠아모음악학원,서울특별시 광진구 능동로6길 22,37.534056,127.0692057,250,15.0
192,192,자양에듀플렉스보습학원,서울특별시 광진구 자양번영로 46,37.5336367,127.0760645,480,73.0
193,193,음악에끌림음악교습소,서울특별시 광진구 자양번영로 47-3,37.5338199,127.0754885,16,4.0
194,194,광진ELC어학원,서울특별시 광진구 광나루로 608,37.541167,127.0953041,116,96.0
195,195,아트인마인드미술교습소,서울특별시 광진구 아차산로 552,37.5431583,127.1041888,15,9.0
196,196,선진영어학원,서울특별시 광진구 용마산로 85,37.5612688,127.0871376,30,71.0
197,197,중곡예화음악학원,서울특별시 광진구 능동로49길 19,37.5644802,127.0822388,190,20.0
198,198,리더스영어학원,서울특별시 광진구 아차산로 461,37.5398941,127.0932358,100,72.0
199,199,체리힐아카데미어학원,서울특별시 광진구 아차산로 431,37.538653,127.0901794,58,50.0
200,200,광진커피바리스타학원,서울특별시 광진구 아차산로 431,37.538653,127.0901794,530,61.0
201,201,티에스과학교습소,서울특별시 광진구 아차산로65길 9,37.54070859999999,127.0941005,20,4.0
202,202,하트앤아트미술교습소,서울특별시 광진구 아차산로42길 31,37.5360708,127.0789478,15,5.0
203,203,탑브레인보습학원,서울특별시 광진구 자양로 242,37.5479471,127.0888685,88,73.0
204,204,초중자기주도학습학원,서울특별시 광진구 광나루로 602,37.5417868,127.0946996,40,76.0
205,205,강샘우샘영수보습학원,서울특별시 광진구 천호대로 698,37.5491667,127.0916109,165,74.0
206,206,에콜로지에미술교습소,서울특별시 광진구 아차산로70길 26,37.54196659999999,127.1011914,90,9.0
207,207,강의하는아이들수학교습소,서울특별시 광진구 광나루로 608,37.541167,127.0953041,15,9.0
208,208,강선생수학교습소,서울특별시 광진구 동일로72길 30,37.5655542,127.0792109,6,3.0
209,209,팝콘수학교습소,서울특별시 광진구 긴고랑로30길 45,37.5577447,127.087232,12,3.0
210,210,잼실용음악학원,서울특별시 광진구 능동로 259,37.5533554,127.0770477,300,74.0
211,211,이챕터스보습학원,서울특별시 광진구 아차산로 477,37.540732,127.094682,60,76.0
212,212,YBM시사주니어영어교습소,서울특별시 광진구 천호대로113길 7,37.5576532,127.0831378,161,7.0
213,213,군자해법수학교습소,서울특별시 광진구 군자로12길 46,37.5512693,127.0726281,18,6.0
214,214,카페플래닝커피학원,서울특별시 광진구 자양로 124,37.5387558,127.0835682,130,85.0
215,215,명문고려보습학원,서울특별시 광진구 능동로 372,37.56239670000001,127.0826701,855,118.0
216,216,광진전문가집단보습학원,서울특별시 광진구 용마산로 111,37.5635935,127.0866729,530,72.0
217,217,닥터엠수학교습소,서울특별시 광진구 아차산로 552,37.5431583,127.1041888,32,4.0
218,218,광진영재보습학원,서울특별시 광진구 자양번영로 18,37.5311623,127.0753313,60,73.0
219,219,시그마보습학원,서울특별시 광진구 아차산로 479,37.5408115,127.0948355,60,69.0
220,220,모네의정원미술교습소,서울특별시 광진구 자양로22길 24,37.5394904,127.0846921,45,5.0
221,221,위드써니보습학원,서울특별시 광진구 광나루로54길 6,37.5405539,127.0958609,138,69.0
222,222,제이아카데미학원,서울특별시 광진구 아차산로69길 8,37.5425891,127.0984974,180,0.0
223,223,소리엘음악학원,서울특별시 광진구 능동로6길 16,37.5340972,127.0690377,450,49.0
224,224,디딤돌미술학원,서울특별시 광진구 자양번영로 23-1,37.5318399,127.0750585,45,57.0
225,225,동그라미미술교습소,서울특별시 광진구 뚝섬로36가길 6,37.5322217,127.0709095,12,7.0
226,226,매썬스수학과학보습학원,서울특별시 광진구 아차산로69길 8,37.5425891,127.0984974,172,69.0
227,227,와이비엠건대어학원,서울특별시 광진구 아차산로 229,37.54081559999999,127.0690315,1295,294.0
228,228,웅진씽크빅중곡학원,서울특별시 광진구 용마산로24길 14,37.5651577,127.0876054,220,70.0
229,229,광진구주이배수학보습학원,서울특별시 광진구 광나루로 603,37.5420151,127.0955975,170,296.0
230,230,독카실용음악학원,서울특별시 광진구 뚝섬로 523,37.5355675,127.0681911,10,50.0
231,231,와이리더스컴퓨터학원,서울특별시 광진구 능동로 339,37.5599223,127.0807312,278,53.0
232,232,자양신양해법수학교습소,서울특별시 광진구 능동로6길 22,37.534056,127.0692057,6,2.0
233,233,레인메이커보습학원,서울특별시 광진구 뚝섬로 539,37.5350424,127.0700693,150,95.0
234,234,시냇가에심은나무미술학원,서울특별시 광진구 광나루로54길 9,37.5402018,127.095901,32,53.0
235,235,생각또질문철학논술교습소,서울특별시 광진구 구의강변로 96,37.5384981,127.0946643,29,6.0
236,236,이튼클래스보습학원,서울특별시 광진구 뚝섬로 541,37.5349189,127.0703778,550,145.0
237,237,아담리즈수학광진직영학원,서울특별시 광진구 구의강변로 106,37.5399001,127.0948193,56,80.0
238,238,서림학원,서울특별시 광진구 면목로 149,37.5667137,127.0815406,56,68.0
239,239,에프엑스수학교습소,서울특별시 광진구 아차산로 530,37.5419395,127.0996713,30,5.0
240,240,광진이은재어학학원,서울특별시 광진구 아차산로 478,37.540312,127.095016,925,50.0
241,241,엠아이실용음악학원,서울특별시 광진구 광나루로56길 63,37.53739729999999,127.0976212,3,49.0
242,242,브랜뉴실용음악학원,서울특별시 광진구 아차산로 360,37.5364337,127.0826331,225,30.0
243,243,비더원영어학원,서울특별시 광진구 광나루로 582,37.5430855,127.0933652,112,180.0
244,244,하이클래스영어보습학원,서울특별시 광진구 뚝섬로58길 5,37.5316134,127.0842526,40,75.0
245,245,행복한제자들수학교습소,서울특별시 광진구 용마산로 160,37.5678471,127.0863908,24,4.0
246,246,튜터링랩(TutoringLAB)학원,서울특별시 광진구 자양로 163,37.5422422,127.0837783,472,70.0
247,247,드림아트우리들미술교습소,서울특별시 광진구 뚝섬로 541,37.5349189,127.0703778,27,9.0
248,248,아이노미술학원,서울특별시 광진구 아차산로69길 6,37.5423625,127.098436,12,52.0
249,249,해법중마영어교습소,서울특별시 광진구 동일로72길 42,37.5653782,127.0797526,60,6.0
250,250,안티영어학원,서울특별시 광진구 아차산로 491,37.5418283,127.0959883,100,88.0
251,251,일등수학뮤엠영어학원,서울특별시 광진구 동일로72길 10,37.5659496,127.0781452,375,71.0
252,252,늘봄미술교습소,서울특별시 광진구 용마산로7길 30,37.5595393,127.0861376,98,7.0
253,253,논리&표현논술교습소,서울특별시 광진구 천호대로113길 5,37.5575368,127.0830728,35,5.0
254,254,비엠에스(BMS)수학보습학원,서울특별시 광진구 용마산로 46,37.5576487,127.0882603,50,75.0
255,255,연세법학원,서울특별시 광진구 천호대로 590,37.555382,127.0830775,1100,75.0
256,256,밸런스뮤직실용음악학원,서울특별시 광진구 천호대로 553,37.5573989,127.0799164,540,61.0
257,257,블루버드아트미술학원,서울특별시 광진구 능동로6길 16,37.5340972,127.0690377,66,56.0
258,258,위너스영어학원,서울특별시 광진구 군자로 84,37.5505216,127.071161,140,73.0
259,259,오디션벨아카데미학원,서울특별시 광진구 광나루로 496,37.5448591,127.0844899,93,409.0
260,260,그린미술교습소,서울특별시 광진구 아차산로36길 35,37.5363514,127.0745967,84,6.0
261,261,빡쎈위드교육학원,서울특별시 광진구 광나루로 580,37.5432411,127.0932438,196,0.0
262,262,차선생영어교습소,서울특별시 광진구 아차산로 522,37.5419395,127.0996713,24,9.0
263,263,구의미술로생각하기학원,서울특별시 광진구 광나루로 584,37.54305129999999,127.0935523,10,30.0
264,264,해법삼성보습학원,서울특별시 광진구 용마산로3길 98,37.5573684,127.0829801,1060,70.0
265,265,셀파우등생보습학원,서울특별시 광진구 군자로 83,37.5505861,127.0708846,45,78.0
266,266,비상매쓰캔수학교습소,서울특별시 광진구 용마산로3길 98,37.5573684,127.0829801,54,9.0
267,267,크레버스영재교육센터광진제1지점학원,서울특별시 광진구 광나루로 603,37.5420151,127.0955975,100,120.0
268,268,뮤엘음악교습소,서울특별시 광진구 뚝섬로52가길 42,37.5307311,127.0814715,25,5.0
269,269,지원수학교습소,서울특별시 광진구 뚝섬로37길 11,37.5350143,127.0716811,63,9.0
270,270,푸른꿈보습학원,서울특별시 광진구 천호대로111길 35,37.557918,127.0825732,215,74.0
271,271,에듀플러스보습학원,서울특별시 광진구 뚝섬로 535,37.5351115,127.0696917,170,71.0
272,272,광진심슨어학보습학원,서울특별시 광진구 광나루로 604,37.5415728,127.0949101,780,280.0
273,273,김은미수학교습소,서울특별시 광진구 자양로26길 61,37.5409948,127.0874042,35,5.0
274,274,해법영어교습소,서울특별시 광진구 자양번영로2길 26,37.5301694,127.0763777,16,4.0
275,275,광진뮤엠영어학원,서울특별시 광진구 자양로50길 8,37.5518766,127.0927995,80,72.0
276,276,더피아노교습소,서울특별시 광진구 용마산로22길 11-5,37.5638394,127.0875682,32,9.0
277,277,다빈치키드미술교습소,서울특별시 광진구 뚝섬로37길 11,37.5350143,127.0716811,54,9.0
278,278,런던인예술미술교습소,서울특별시 광진구 아차산로70길 61,37.5397145,127.1000979,91,7.0
279,279,책과크는아이들논술교습소,서울특별시 광진구 뚝섬로35길 9,37.5356572,127.0700386,36,9.0
280,280,생생중국어교습소,서울특별시 광진구 아차산로 499,37.5424654,127.0962926,27,9.0
281,281,델타수학교습소,서울특별시 광진구 면목로 141-1,37.566157,127.0811999,99,9.0
282,282,나룰음악학원,서울특별시 광진구 뚝섬로36길 18,37.5334492,127.0704997,200,46.0
283,283,강남컴퓨터학원,서울특별시 광진구 자양로50길 33-1,37.5524022,127.0941511,18,49.0
284,284,참수학교습소,서울특별시 광진구 뚝섬로36길 14,37.53376069999999,127.0712458,36,9.0
285,285,자양어린이바둑교습소,서울특별시 광진구 자양번영로 44,37.5335142,127.0760091,32,8.0
286,286,국풀국어다올학원,서울특별시 광진구 광나루로 590,37.5425759,127.0939174,114,70.0
287,287,조이피아노음악교습소,서울특별시 광진구 아차산로 530,37.5419395,127.0996713,42,6.0
288,288,점프업수학교습소,서울특별시 광진구 자양번영로6길 26,37.5320493,127.0769525,27,9.0
289,289,제이든팝송영어교습소,서울특별시 광진구 광나루로32길 5,37.5448069,127.0837707,13,9.0
290,290,해법광장아카데미영어교습소,서울특별시 광진구 아차산로 499,37.5424654,127.0962926,63,9.0
291,291,청구이화어학원,서울특별시 광진구 아차산로 503-23,37.5424654,127.0962926,94,80.0
292,292,수인비초중등관학원,서울특별시 광진구 용마산로 114,37.5638778,127.0871117,280,68.0
293,293,상상공간미술이야기미술학원,서울특별시 광진구 능동로4길 71,37.5317118,127.0707183,41,55.0
294,294,오성컴퓨터교습소,서울특별시 광진구 뚝섬로36가길 15,37.5322136,127.0716289,55,9.0
295,295,더랩(THE LAB)100℃영어교습소,서울특별시 광진구 자양로 245,37.54851,127.0887796,24,9.0
296,296,자양심슨어학학원,서울특별시 광진구 뚝섬로 552,37.5342435,127.0712757,900,296.0
297,297,밀알국어교습소,서울특별시 광진구 광나루로54길 83,37.5376527,127.0944389,9,9.0
298,298,음악숲음악교습소,서울특별시 광진구 뚝섬로46길 53,37.5303763,127.0764387,13,5.0
299,299,M2M수학교습소,서울특별시 광진구 뚝섬로56길 14,37.5308633,127.0824316,18,9.0
300,300,열리는수학교습소,서울특별시 광진구 뚝섬로 520-1,37.5353025,127.0679524,40,8.0
301,301,라온국어보습학원,서울특별시 광진구 아차산로 471,37.5404134,127.0939444,190,30.0
302,302,닥터정이클래스광진구의보습학원,서울특별시 광진구 아차산로69길 8,37.5425891,127.0984974,240,70.0
303,303,상상스튜디오미술교습소,서울특별시 광진구 긴고랑로1길 39,37.5657316,127.078063,15,9.0
304,304,엘리트랭귀지센터어학원,서울특별시 광진구 능동로 239,37.55171199999999,127.0763045,200,297.0
305,305,기틀수학보습학원,서울특별시 광진구 뚝섬로52길 13,37.5313052,127.0794528,90,60.0
306,306,범연기학원,서울특별시 광진구 능동로13길 39,37.5435023,127.0699004,32,16.0
307,307,보이스코드실용음악학원,서울특별시 광진구 면목로 32,37.55686499999999,127.0764746,13,50.0
308,308,바라크미술교습소,서울특별시 광진구 용마산로3길 95,37.5571534,127.0829477,16,9.0
309,309,영어종결자학원,서울특별시 광진구 자양번영로 20,37.531379,127.0753883,120,70.0
310,310,튼튼영어마스터클럽광진중곡보습학원,서울특별시 광진구 영화사로 27,37.5572099,127.0903069,250,71.0
311,311,한울독서실,서울특별시 광진구 천호대로137길 9,37.5494558,127.0928372,50,50.0
312,312,댄스필리아댄스스포츠학원,서울특별시 광진구 천호대로 571,37.5566995,127.0816783,81,90.0
313,313,동심음악교습소,서울특별시 광진구 천호대로111길 57,37.5588055,127.083054,60,6.0
314,314,해법구의아카데미보습학원,서울특별시 광진구 광나루로30길 37,37.5435372,127.0816888,117,75.0
315,315,거짓말같은기적연기학원,서울특별시 광진구 능동로 338,37.5594924,127.0810349,48,107.0
316,316,늘푸른수학원,서울특별시 광진구 아차산로 471,37.5404134,127.0939444,450,129.0
317,317,홍익화실미술학원,서울특별시 광진구 뚝섬로 510,37.53551580000001,127.0669432,170,55.0
318,318,더프라임(The Prime)수학학원,서울특별시 광진구 아차산로 461,37.5398941,127.0932358,160,74.0
319,319,예지원음악교습소,서울특별시 광진구 용마산로3길 82,37.5570503,127.0838135,15,5.0
320,320,폴린뮤직학원,서울특별시 광진구 능동로13길 39,37.5435023,127.0699004,460,30.0
321,321,고릴라잉글리쉬영어교습소,서울특별시 광진구 자양로3길 68,37.5295734,127.0829834,27,9.0
322,322,고릴라크루댄스학원,서울특별시 광진구 구의로 6,37.538514,127.0893773,180,100.0
323,323,웅진씽크빅학습센터대원학원,서울특별시 광진구 용마산로 116,37.5640446,127.087083,220,90.0
324,324,토즈스터디센터광장독서실,서울특별시 광진구 광나루로 620,37.5407033,127.0960559,1319,168.0
325,325,(Poly)광진폴리어학원,서울특별시 광진구 자양로 113,37.5378865,127.0829817,336,150.0
326,326,대원킨더아카데미어학원,서울특별시 광진구 용마산로22길 28,37.5639248,127.0884984,226,209.0
327,327,광진피케이독학학원,서울특별시 광진구 아차산로 457,37.5396506,127.0928649,220,100.0
328,328,진음악교습소,서울특별시 광진구 용마산로3길 19,37.5560598,127.086913,15,5.0
329,329,선과색미술학원,서울특별시 광진구 천호대로 677,37.5508152,127.0907388,380,150.0
330,330,진명보습학원,서울특별시 광진구 광나루로 590,37.5425759,127.0939174,126,75.0
331,331,멘토링수학교습소,서울특별시 광진구 영화사로3길 18,37.5576478,127.0910869,121,9.0
332,332,제스트연기학원,서울특별시 광진구 자양로 149,37.5411537,127.0833362,30,73.0
333,333,써밋뮤지션음악학원,서울특별시 광진구 긴고랑로29길 39,37.5616697,127.0863785,170,57.0
334,334,엘리트영재보습학원,서울특별시 광진구 광나루로46길 3,37.5434518,127.0929563,121,70.0
335,335,이지에이아카데미학원,서울특별시 광진구 능동로 264,37.5535051,127.0778422,40,47.0
336,336,물고기미술교습소,서울특별시 광진구 구의강변로 87,37.5384956,127.0936405,18,9.0
337,337,혜윰국어교습소,서울특별시 광진구 자양로 246,37.5483357,127.0892117,8,9.0
338,338,청담이레수학교습소,서울특별시 광진구 뚝섬로 504-1,37.5357644,127.0662048,8,4.0
339,339,빅토리미술교습소,서울특별시 광진구 광나루로56길 32,37.5386271,127.0958742,21,7.0
340,340,노꿈아주산교습소,서울특별시 광진구 아차산로70길 62,37.5406205,127.0986045,21,7.0
341,341,문제해결수학교습소,서울특별시 광진구 광나루로38길 73,37.54160150000001,127.0873097,8,4.0
342,342,이승문의언어의발견학원,서울특별시 광진구 아차산로49길 41-5,37.5387246,127.0839647,60,103.0
343,343,스카이영어수학학원,서울특별시 광진구 군자로 85-1,37.55091530000001,127.0709417,100,73.0
344,344,톡톡학원,서울특별시 광진구 아차산로 294,37.5382134,127.0755469,544,115.0
345,345,광장영어교습소,서울특별시 광진구 아차산로65길 9,37.54070859999999,127.0941005,10,7.0
346,346,그라쯔음악교습소,서울특별시 광진구 자양로3길 61,37.5295231,127.083325,14,6.0
347,347,창조수학학원,서울특별시 광진구 광나루로 584,37.54305129999999,127.0935523,105,74.0
348,348,건대위드피아노학원,서울특별시 광진구 아차산로 191,37.5420462,127.0651456,65,23.0
349,349,메이킹학원,서울특별시 광진구 아차산로 294,37.5382134,127.0755469,52,92.0
350,350,자올독서논술교습소,서울특별시 광진구 자양로3길 68,37.5295734,127.0829834,33,3.0
351,351,라임(Lime)학원,서울특별시 광진구 자양로15길 46,37.5354942,127.0811465,340,69.0
352,352,에이피(A?P)아트센터미술학원,서울특별시 광진구 광나루로 590,37.5425759,127.0939174,66,106.0
353,353,광진델타수학보습학원,서울특별시 광진구 아차산로 345,37.5377045,127.0815286,48,71.0
354,354,생각하는황소광진학원,서울특별시 광진구 구의강변로 106,37.5399001,127.0948193,30,70.0
355,355,수학의신학원,서울특별시 광진구 광나루로 621,37.5407819,127.0967829,90,77.0
356,356,이쌤수학교습소,서울특별시 광진구 용마산로22길 11-5,37.5638394,127.0875682,18,9.0
357,357,더쎈수학교습소,서울특별시 광진구 천호대로138길 52,37.547018,127.0917055,5,5.0
358,358,토크스테이션원격학원,서울특별시 광진구 능동로 275-1,37.5546997,127.077762,300,0.0
359,359,수캠프수학학원,서울특별시 광진구 광나루로 584,37.54305129999999,127.0935523,120,70.0
360,360,한국모델리스트패턴학원,서울특별시 광진구 아차산로 431,37.538653,127.0901794,560,82.0
361,361,더채움수학전문학원,서울특별시 광진구 아차산로73길 44,37.5466961,127.1026265,350,73.0
362,362,쇼타임스쿨학원,서울특별시 광진구 아차산로 324,37.5373962,127.0787717,122,79.0
363,363,박희영수학교습소,서울특별시 광진구 능동로4길 38,37.5321852,127.0690312,30,9.0
364,364,능동e해법수학교습소,서울특별시 광진구 천호대로116길 14,37.5545176,127.0838038,56,7.0
365,365,해법엘리트영어교습소,서울특별시 광진구 동일로72길 42,37.5653782,127.0797526,60,6.0
366,366,더(THE)칸트수학고등학습관학원,서울특별시 광진구 아차산로 484,37.540724,127.0956717,16,70.0
367,367,더클래스(Theclass)영어교습소,서울특별시 광진구 광나루로36길 72,37.5418065,127.085491,8,9.0
368,368,더(THE)칸트수학학원,서울특별시 광진구 아차산로 484,37.540724,127.0956717,18,85.0
369,369,수학의달인구의점수학교습소,서울특별시 광진구 천호대로136길 46,37.54776349999999,127.0900713,48,8.0
370,370,아트그로우미술교습소,서울특별시 광진구 아차산로 549,37.5441452,127.1015274,30,6.0
371,371,유병환애견미용학원,서울특별시 광진구 아차산로 621,37.5484962,127.1072266,150,105.0
372,372,리딩오션광진&중국어학원,서울특별시 광진구 광나루로 608,37.541167,127.0953041,40,70.0
373,373,노리미술교습소,서울특별시 광진구 긴고랑로29길 39,37.5616697,127.0863785,20,5.0
374,374,아이비티영어교습소,서울특별시 광진구 천호대로119길 57,37.5574184,127.0857811,42,6.0
375,375,위(We)양쌤수학교습소,서울특별시 광진구 광나루로 606,37.5413415,127.0951373,21,3.0
376,376,아그네스영어교습소,서울특별시 광진구 아차산로21길 47,37.54450629999999,127.0658448,12,6.0
377,377,에스투(S2)솔루션수학과학학원,서울특별시 광진구 광나루로 582,37.5430855,127.0933652,132,76.0
378,378,라이즈더네이처아카데미학원,서울특별시 광진구 자양로50길 84,37.5530283,127.0969846,216,268.0
379,379,그린램프라이브러리광장캠퍼스독서실,서울특별시 광진구 아차산로 471,37.5404134,127.0939444,206,103.0
380,380,이투스247서울광진점학원,서울특별시 광진구 아차산로 471,37.5404134,127.0939444,2120,167.0
381,381,뉴옥스포드보습학원,서울특별시 광진구 뚝섬로36길 53,37.5320996,127.0703949,260,72.0
382,382,광장동해법중국어학원,서울특별시 광진구 아차산로 493,37.5417983,127.0961971,120,80.0
383,383,한우리논술교습소,서울특별시 광진구 뚝섬로46길 67,37.5298034,127.0762667,3,3.0
384,384,4%사회탐구사회교습소,서울특별시 광진구 아차산로 484,37.540724,127.0956717,14,7.0
385,385,메이리피아노음악교습소,서울특별시 광진구 아차산로70길 61,37.5397145,127.1000979,16,2.0
386,386,플랜에이카페와독서실,서울특별시 광진구 아차산로 613,37.5478084,127.106495,531,89.0
387,387,매쏘드(Mathod)수학교습소,서울특별시 광진구 천호대로129길 48,37.5535568,127.0919635,14,4.0
388,388,카이스트수학교습소,서울특별시 광진구 자양번영로3길 38-21,37.532629,127.0735216,32,9.0
389,389,비전영수학원,서울특별시 광진구 뚝섬로41길 6,37.5338368,127.0750659,84,70.0
390,390,케이에스(KS)수학교습소,서울특별시 광진구 광나루로44길 44,37.5423315,127.0910845,12,4.0
391,391,뉴런(NewLearn)과학교습소,서울특별시 광진구 뚝섬로36길 61,37.5318946,127.0701161,63,9.0
392,392,연세권샘학원,서울특별시 광진구 아차산로 477,37.540732,127.094682,90,76.0
393,393,튼튼영어마스터클럽푸른꿈영어교습소,서울특별시 광진구 천호대로111길 36,37.55793430000001,127.0828806,21,7.0
394,394,밸류인수학학원,서울특별시 광진구 아차산로 491,37.5418283,127.0959883,28,73.0
395,395,윈윈학원,서울특별시 광진구 긴고랑로29길 75,37.5633043,127.0861148,50,71.0
396,396,스위트피아노(SWEETPIANO)음악교습소,서울특별시 광진구 뚝섬로33길 34,37.5365712,127.0701466,42,6.0
397,397,선화아트스토리미술교습소,서울특별시 광진구 광나루로56길 29,37.53739729999999,127.0976212,15,3.0
398,398,한가람어학원,서울특별시 광진구 영화사로 19,37.557691,127.0896293,224,161.0
399,399,토즈스터디센터중곡독서실,서울특별시 광진구 용마산로 107,37.5631871,127.0867088,1217,118.0
400,400,하우스터디광장센터독서실,서울특별시 광진구 광나루로 607,37.5419607,127.095718,342,87.0
401,401,WD에듀학원,서울특별시 광진구 자양번영로 38,37.5328543,127.0758789,24,10.0
402,402,천만스토리연출학원,서울특별시 광진구 천호대로 579,37.5564322,127.0826217,98,75.0
403,403,더해수학학원,서울특별시 광진구 광나루로 600,37.5419375,127.0945505,12,96.0
404,404,세움입시전문학원,서울특별시 광진구 용마산로 93,37.5619087,127.0870137,80,70.0
405,405,해법영어뉴욕영어교습소,서울특별시 광진구 아차산로42길 29,37.5361509,127.0789733,35,5.0
406,406,웅진씽크빅학습센터광장학원,서울특별시 광진구 광나루로 607,37.5419607,127.095718,155,124.0
407,407,마이티마우스(MightyMouth)영어수학멘토링학원,서울특별시 광진구 천호대로 689,37.5500087,127.0915023,80,78.0
408,408,대치스터디학원,서울특별시 광진구 자양로 241,37.5481982,127.0883905,140,106.0
409,409,튼튼영어마스터클럽광진자양학원,서울특별시 광진구 능동로6길 14,37.5341565,127.0687766,40,75.0
410,410,잉글리시에티카(EnglishETHICA)영어교습소,서울특별시 광진구 광나루로54길 38,37.5392467,127.0950927,15,4.0
411,411,플래뮤미술학원,서울특별시 광진구 아차산로 502,37.5413438,127.097272,20,51.0
412,412,토론하는아이들논술교습소,서울특별시 광진구 광나루로56길 34,37.5386271,127.0958742,6,3.0
413,413,그림공미술교습소,서울특별시 광진구 뚝섬로56길 60-1,37.5286545,127.0826467,48,7.0
414,414,언어의시작/ 양미선국어논술국어교습소,서울특별시 광진구 광나루로 606,37.5413415,127.0951373,19,5.0
415,415,아카데미라운지구의독서실,서울특별시 광진구 천호대로 661,37.552016,127.0904104,408,102.0
416,416,정현국어학원,서울특별시 광진구 자양번영로 33,37.5326691,127.075258,70,210.0
417,417,플레이팩토사고력수학교습소,서울특별시 광진구 용마산로3길 95,37.5571534,127.0829477,11,7.0
418,418,김가베수학교습소,서울특별시 광진구 광나루로 635,37.5406205,127.0986045,8,4.0
419,419,수리수학교습소,서울특별시 광진구 광나루로 635,37.5406205,127.0986045,4,4.0
420,420,영재들의미술상자미술교습소,서울특별시 광진구 자양로13가길 13,37.5346736,127.0812009,10,5.0
421,421,노마드아트미술학원,서울특별시 광진구 아차산로 530,37.5419395,127.0996713,17,64.0
422,422,최선생수학본영어학원,서울특별시 광진구 광나루로 602,37.5417868,127.0946996,250,112.0
423,423,디보스댄스학원,서울특별시 광진구 자양로26길 50,37.5410171,127.086652,78,47.0
424,424,라단사발레아카데미학원,서울특별시 광진구 자양로 261,37.5495997,127.0899961,48,66.0
425,425,쁘띠주원미술교습소,서울특별시 광진구 천호대로113길 6,37.5574285,127.0832838,27,9.0
426,426,숙명현음악교습소,서울특별시 광진구 광나루로56길 34,37.5386271,127.0958742,12,4.0
427,427,한국자전거기술학원,서울특별시 광진구 구의로 67,37.5440664,127.0903506,216,63.0
428,428,수인비고등관학원,서울특별시 광진구 용마산로 101-1,37.5627561,127.0867835,150,69.0
429,429,퍼스트수학닥터윤영어&영어도서관학원,서울특별시 광진구 아차산로70길 26,37.54196659999999,127.1011914,75,70.0
430,430,참다운수학교습소,서울특별시 광진구 천호대로117길 59,37.5576171,127.085114,30,8.0
431,431,리딩버디영어교습소,서울특별시 광진구 용마산로3길 95,37.5571534,127.0829477,20,4.0
432,432,아가파오수학교습소,서울특별시 광진구 아차산로65길 78,37.5427613,127.0914141,20,5.0
433,433,아트(ART)530미술교습소,서울특별시 광진구 뚝섬로55길 11,37.5321267,127.0823137,8,5.0
434,434,클린스터디(Clean Study)독서실,서울특별시 광진구 용마산로 104,37.56289719999999,127.0872705,144,48.0
435,435,C&C미술학원,서울특별시 광진구 천호대로 579,37.5564322,127.0826217,442,62.0
436,436,오르다샘앤클래스광진광장학원,서울특별시 광진구 광나루로 586,37.5428623,127.0937426,8,74.0
437,437,씽크인아트미술학원,서울특별시 광진구 용마산로3길 99,37.5572179,127.0827824,40,80.0
438,438,뿌리미술교습소,서울특별시 광진구 아차산로59길 42,37.5402908,127.0908091,10,5.0
439,439,수피아노음악교습소,서울특별시 광진구 용마산로16길 5,37.56219189999999,127.0875772,89,8.0
440,440,FTA독서실,서울특별시 광진구 광나루로56길 85,37.5356993,127.095765,73,73.0
441,441,책읽어주는미술교습소,서울특별시 광진구 영화사로7길 24,37.5566238,127.0921941,24,5.0
442,442,스튜디오(studio)미술학원,서울특별시 광진구 천호대로 590,37.555382,127.0830775,105,57.0
443,443,몬스터어학원,서울특별시 광진구 아차산로 459,37.5444761,127.0897654,99,155.0
444,444,솔로몬음악교습소,서울특별시 광진구 뚝섬로52마길 66,37.5285887,127.0820298,24,7.0
445,445,원클래스라이브러리구의점독서실,서울특별시 광진구 구의강변로 86,37.5381389,127.0939329,385,77.0
446,446,엠제이영어리딩영어교습소,서울특별시 광진구 자양로 319,37.554008,127.0938192,12,6.0
447,447,은섬학원,서울특별시 광진구 용마산로 116,37.5640446,127.087083,288,81.0
448,448,나랏말씀국어학원,서울특별시 광진구 광나루로 602,37.5417868,127.0946996,59,82.0
449,449,봄(Bom)구름영어교습소,서울특별시 광진구 영화사로7길 24,37.5566238,127.0921941,70,7.0
450,450,키즈파라다이스(KIZPARADISE)영어교습소,서울특별시 광진구 자양로3길 46-10,37.5304003,127.0838391,9,3.0
451,451,뮤엠구의영어교습소,서울특별시 광진구 자양로28길 88,37.5414803,127.089061,3,3.0
452,452,광장스터디뱅크독서실,서울특별시 광진구 아차산로70길 26,37.54196659999999,127.1011914,130,65.0
453,453,일대일수학교습소,서울특별시 광진구 광나루로 635,37.5406205,127.0986045,8,4.0
454,454,스타댄스학원,서울특별시 광진구 동일로22길 49,37.5419356,127.067116,306,51.0
455,455,토즈스터디센터자양사거리독서실,서울특별시 광진구 자양로 109,37.5374247,127.0830692,1177,94.0
456,456,클랑음악교습소,서울특별시 광진구 군자로 65,37.5491149,127.0705476,72,9.0
457,457,반석학원,서울특별시 광진구 아차산로 530,37.5419395,127.0996713,688,72.0
458,458,플레이잉글리쉬(Play English)영어교습소,서울특별시 광진구 동일로72길 30,37.5655542,127.0792109,6,3.0
459,459,모난돌국어역사학원,서울특별시 광진구 아차산로 461,37.5398941,127.0932358,372,73.0
460,460,라온슬옹학원,서울특별시 광진구 아차산로 471,37.5404134,127.0939444,305,85.0
461,461,뮤엠영어학원,서울특별시 광진구 아차산로 493,37.5417983,127.0961971,155,72.0
462,462,바짝독서실,서울특별시 광진구 자양로 35,37.5310828,127.0860834,98,98.0
463,463,닥터엠고등수학교습소,서울특별시 광진구 아차산로 552,37.5431583,127.1041888,12,3.0
464,464,한밀러(HanMiller)영어교습소,서울특별시 광진구 영화사로7길 45,37.5572345,127.0931632,9,3.0
465,465,장희승영어교습소,서울특별시 광진구 자양로 165,37.5423781,127.0838417,4,2.0
466,466,리차드잉글리쉬학원,서울특별시 광진구 아차산로 484,37.540724,127.0956717,300,95.0
467,467,드림다락방학원,서울특별시 광진구 구의강변로 45,37.5349817,127.0912558,50,88.0
468,468,KAL수학교습소,서울특별시 광진구 광나루로 635,37.5406205,127.0986045,35,5.0
469,469,이태운수학교습소,서울특별시 광진구 광나루로 635,37.5406205,127.0986045,18,6.0
470,470,몽아뜰리에미술학원,서울특별시 광진구 광나루로54길 83,37.5376527,127.0944389,225,59.0
471,471,노리터미술교습소,서울특별시 광진구 군자로 86-1,37.5508336,127.0712307,5,9.0
472,472,혜자영어교습소,서울특별시 광진구 자양번영로5길 37-2,37.5329246,127.0731947,27,9.0
473,473,키즈플레이아트미술교습소,서울특별시 광진구 자양번영로4길 42-22,37.5302135,127.0772179,12,4.0
474,474,수운미술학원,서울특별시 광진구 자양로45길 18,37.5520971,127.0913622,75,53.0
475,475,비트믹스댄스학원,서울특별시 광진구 동일로 130,37.5438284,127.0652417,74,52.0
476,476,글로벌전인교육명품학원,서울특별시 광진구 자양로50길 18,37.5519443,127.0933075,36,76.0
477,477,열방영어교습소,서울특별시 광진구 긴고랑로36길 71,37.556703,127.0918727,21,6.0
478,478,비트믹스온더탑학원,서울특별시 광진구 동일로 130,37.5438284,127.0652417,125,65.0
479,479,켈리잉글리시영어교습소,서울특별시 광진구 뚝섬로64길 38,37.5319338,127.0888464,75,5.0
480,480,라벨비음악교습소,서울특별시 광진구 용마산로3길 104,37.5574636,127.0826587,39,9.0
481,481,제이투(JTWO)영어학원,서울특별시 광진구 용마산로 95,37.5621386,127.0869761,60,70.0
482,482,엠스트학원,서울특별시 광진구 자양로 249,37.5487509,127.0891058,140,69.0
483,483,차오름미술학원,서울특별시 광진구 광나루로56길 34,37.5386271,127.0958742,45,60.0
484,484,바라크그린미술교습소,서울특별시 광진구 천호대로117길 58,37.5575462,127.0853412,72,9.0
485,485,JK영어교습소,서울특별시 광진구 자양번영로 32,37.5324322,127.0757102,32,6.0
486,486,솔루니논술교습소,서울특별시 광진구 용마산로21길 27,37.5634854,127.0859389,24,6.0
487,487,호아미술교습소,서울특별시 광진구 능동로31길 8-1,37.5557601,127.0780072,88,8.0
488,488,드림영어학원,서울특별시 광진구 광나루로54길 32,37.5394662,127.0951348,160,76.0
489,489,조아뜰리에미술교습소,서울특별시 광진구 천호대로 666,37.5513556,127.089346,54,9.0
490,490,광진구주이배고등관학원,서울특별시 광진구 광나루로 603,37.5420151,127.0955975,100,190.0
491,491,서울강변작심독서실,서울특별시 광진구 광나루로56길 29,37.53739729999999,127.0976212,255,87.0
492,492,블루밍영어교습소,서울특별시 광진구 광나루로36길 28,37.5437193,127.0863141,16,5.0
493,493,MbM영어교습소,서울특별시 광진구 아차산로 345,37.5377045,127.0815286,56,7.0
494,494,푸른꿈과당신의기타교습소,서울특별시 광진구 뚝섬로40길 15,37.5331521,127.0729333,3,4.0
495,495,웨일즈어학원,서울특별시 광진구 광나루로 619,37.5410525,127.0964511,92,161.0
496,496,더뉴스타운(The NEWS Town)영어교습소,서울특별시 광진구 자양로 282-1,37.5509934,127.0917623,56,8.0
497,497,탑클래스잉글리쉬(Top Class English)영어교습소,서울특별시 광진구 용마산로3길 43,37.5561168,127.0856149,12,4.0
498,498,깊은생각광진학원,서울특별시 광진구 광나루로 602,37.5417868,127.0946996,75,174.0
499,499,아가페음악학원,서울특별시 광진구 자양로7길 42,37.5324798,127.0824716,95,47.0
500,500,멘토스수학교습소,서울특별시 광진구 구의강변로 96,37.5384981,127.0946643,21,3.0
501,501,필즈수학학원,서울특별시 광진구 용마산로 95,37.5621386,127.0869761,58,76.0
502,502,이엠플러스(EM+)영수학원,서울특별시 광진구 아차산로 623,37.548496,127.106796,43,69.0
503,503,광진에이닷영어학원,서울특별시 광진구 광나루로 590,37.5425759,127.0939174,1040,109.0
504,504,임팩트학원,서울특별시 광진구 자양로37길 4,37.5478687,127.0878439,55,75.0
505,505,수학의달인해법영어학원,서울특별시 광진구 뚝섬로37길 11,37.5350143,127.0716811,86,76.0
506,506,엘리트서울미술교습소,서울특별시 광진구 광나루로 635,37.5406205,127.0986045,4,2.0
507,507,뮤엠영어해법수학학원,서울특별시 광진구 자양번영로 46,37.5336367,127.0760645,51,98.0
508,508,책독서논술교습소,서울특별시 광진구 자양번영로 47-3,37.5338199,127.0754885,16,8.0
509,509,책이랑글이랑논술교습소,서울특별시 광진구 군자로 84,37.5505216,127.071161,21,3.0
510,510,더베스트영어교습소,서울특별시 광진구 광나루로 635,37.5406205,127.0986045,6,2.0
511,511,하이클래스영어전문2관영어교습소,서울특별시 광진구 뚝섬로56길 34,37.5298767,127.0825684,20,5.0
512,512,즐거운예람음악교습소,서울특별시 광진구 용마산로 160,37.5678471,127.0863908,15,9.0
513,513,마스터입시전문연기학원,서울특별시 광진구 아차산로 453,37.5394007,127.0923951,150,73.0
514,514,제이미영어독서클럽교습소,서울특별시 광진구 동일로38길 13,37.551465,127.0701933,15,5.0
515,515,크로체꽃예술학원,서울특별시 광진구 능동로 251,37.55265050000001,127.0767212,436,52.0
516,516,베리타스에듀학원,서울특별시 광진구 천호대로 666,37.5513556,127.089346,210,69.0
517,517,한밀러(Hanmiller)수학교습소,서울특별시 광진구 영화사로7길 45,37.5572345,127.0931632,6,2.0
518,518,예술창작미술교습소,서울특별시 광진구 아차산로 634,37.5489219,127.1083668,45,9.0
519,519,리더스해법에듀학원,서울특별시 광진구 용마산로22길 16,37.5634767,127.0879136,90,83.0
520,520,제이케이모델입시학원,서울특별시 광진구 뚝섬로 468,37.5367436,127.0621483,330,61.0
521,521,제이케이모델전문학원,서울특별시 광진구 뚝섬로 468,37.5367436,127.0621483,1110,60.0
522,522,김주영수학교습소,서울특별시 광진구 광나루로 635,37.5406205,127.0986045,12,6.0
523,523,문연기학원,서울특별시 광진구 자양번영로 71,37.5359522,127.0762701,14,65.0
524,524,스택업러닝센터학원,서울특별시 광진구 광나루로 602,37.5417868,127.0946996,705,47.0
525,525,셀파영어교습소,서울특별시 광진구 뚝섬로52라길 69,37.5294279,127.0824397,40,5.0
526,526,달그린미술창작소미술교습소,서울특별시 광진구 동일로72길 46,37.5653083,127.0799294,36,6.0
527,527,3030영어교습소,서울특별시 광진구 구의강변로 96,37.5384981,127.0946643,10,5.0
528,528,엠수학학원,서울특별시 광진구 뚝섬로 558,37.5340724,127.0718277,30,69.0
529,529,와와학습코칭학원,서울특별시 광진구 광나루로 584,37.54305129999999,127.0935523,744,75.0
530,530,시몽?SM미술학원,서울특별시 광진구 자양로50길 18,37.5519443,127.0933075,430,63.0
531,531,구의수학의달인수학교습소,서울특별시 광진구 광나루로30나길 28,37.5432545,127.0831681,73,9.0
532,532,POS과학전문학원&Fim수학학원,서울특별시 광진구 광나루로 602,37.5417868,127.0946996,130,72.0
533,533,트리니티잉글리쉬영어교습소,서울특별시 광진구 용마산로3길 102,37.5574222,127.082833,63,7.0
534,534,코람데오미술교습소,서울특별시 광진구 아차산로66길 92,37.5421538,127.1015045,8,9.0
535,535,즐거운창작소미술교습소,서울특별시 광진구 광나루로39길 11,37.5454994,127.0887779,14,4.0
536,536,솔루니독서논술교습소,서울특별시 광진구 아차산로 493,37.5417983,127.0961971,25,5.0
537,537,자양독서논술교습소,서울특별시 광진구 뚝섬로38길 18,37.5333035,127.0729445,32,2.0
538,538,장미피아노교습소,서울특별시 광진구 광장로 58-1,37.5470767,127.1035953,45,9.0
539,539,플랜비(PlanB)영어교습소,서울특별시 광진구 천호대로136길 52,37.5475001,127.0897954,99,9.0
540,540,어썸팩토리자양플레이스독서실,서울특별시 광진구 능동로 21,37.5335019,127.0672835,15930,90.0
541,541,예스독서실,서울특별시 광진구 영화사로 32,37.5567329,127.0903676,204,102.0
542,542,탑티어영어학원,서울특별시 광진구 뚝섬로54길 13,37.5309274,127.0807712,150,70.0
543,543,로봇&코딩학원,서울특별시 광진구 광나루로56길 29,37.53739729999999,127.0976212,80,64.0
544,544,플라톤아카데미자양건대독서논술교습소,서울특별시 광진구 능동로8길 19,37.5364801,127.0702824,120,5.0
545,545,김선생국어교습소,서울특별시 광진구 뚝섬로41길 8,37.5339368,127.0751097,18,6.0
546,546,꼭두미술교습소,서울특별시 광진구 뚝섬로64길 50,37.5314369,127.0888456,18,9.0
547,547,광진스즈키바이올린교습소,서울특별시 광진구 아차산로 522,37.5419395,127.0996713,90,9.0
548,548,깊은생각광진2관학원,서울특별시 광진구 광나루로 600,37.5419375,127.0945505,75,100.0
549,549,A+메타수학교습소,서울특별시 광진구 천호대로119길 57,37.5574184,127.0857811,60,6.0
550,550,광진고스(GOS)에듀학원,서울특별시 광진구 광나루로 602,37.5417868,127.0946996,690,91.0
551,551,리드체인지학원,서울특별시 광진구 천호대로 602,37.5548979,127.0843216,180,69.0
552,552,라움미술교습소,서울특별시 광진구 광나루로 635,37.5406205,127.0986045,5,3.0
553,553,해법영어교실용마영어교습소,서울특별시 광진구 용마산로3길 98,37.5573684,127.0829801,30,6.0
554,554,타파하댄스학원,서울특별시 광진구 뚝섬로 645,37.5317075,127.0813974,30,60.0
555,555,매스랩(MathLab)전문수학교습소,서울특별시 광진구 광나루로54길 38,37.5392467,127.0950927,15,5.0
556,556,상상수학학원,서울특별시 광진구 자양번영로 32,37.5324322,127.0757102,80,77.0
557,557,이상윤기타교습소,서울특별시 광진구 자양로28길 85,37.541675,127.0890236,13,8.0
558,558,광진비바키즈어학원,서울특별시 광진구 아차산로 502,37.5413438,127.097272,48,162.0
559,559,라온국어학원,서울특별시 광진구 뚝섬로 587,37.5335228,127.0754315,380,71.0
560,560,예림음악교습소,서울특별시 광진구 용마산로5길 71,37.5572072,127.0838532,52,4.0
561,561,비트믹스스튜디오본점학원,서울특별시 광진구 아차산로 235,37.5407382,127.069586,175,64.0
562,562,아이엠수학교습소,서울특별시 광진구 자양로 319,37.554008,127.0938192,6,3.0
563,563,플라톤아카데미구의아르테나논술교습소,서울특별시 광진구 아차산로 464,37.5396198,127.0936261,102,6.0
564,564,중곡용마플라톤아카데미논술교습소,서울특별시 광진구 천호대로119길 61,37.5575874,127.0857588,218,2.0
565,565,해성수학교습소,서울특별시 광진구 능동로 30,37.5340047,127.0681498,6,7.0
566,566,에스제이발레학원,서울특별시 광진구 구의강변로 92,37.5386051,127.0941519,120,67.0
567,567,파크빌바이올린교습소,서울특별시 광진구 아차산로 549,37.5441452,127.1015274,18,6.0
568,568,자양융합국어교습소,서울특별시 광진구 자양번영로 15,37.5310469,127.0748037,88,9.0
569,569,날개달기국어수학학원,서울특별시 광진구 아차산로 345,37.5377045,127.0815286,85,73.0
570,570,시티힐아카데미학원,서울특별시 광진구 광나루로 494,37.5448686,127.0842049,284,220.0
571,571,이라라피아노교습소,서울특별시 광진구 천호대로113길 5,37.5575368,127.0830728,25,5.0
572,572,허윤호수학학원,서울특별시 광진구 광나루로 604,37.5415728,127.0949101,390,88.0
573,573,시매쓰수학학원,서울특별시 광진구 뚝섬로 558,37.5340724,127.0718277,120,102.0
574,574,라라미술교습소,서울특별시 광진구 자양로28길 18-1,37.5421287,127.0852846,30,9.0
575,575,조앤아카데미학원,서울특별시 광진구 천호대로 578,37.5557559,127.0819894,44,43.0
576,576,라하잉글리시광장영어교습소,서울특별시 광진구 아차산로 530,37.5419395,127.0996713,45,9.0
577,577,진성피아노교습소,서울특별시 광진구 구의강변로 47,37.53508739999999,127.0916479,55,5.0
578,578,줄리음악교습소,서울특별시 광진구 자양로 88,37.5356026,127.0842975,20,4.0
579,579,정직한153수학학원,서울특별시 광진구 아차산로 532,37.54239889999999,127.1004627,168,95.0
580,580,더플랙과학학원,서울특별시 광진구 아차산로 484,37.540724,127.0956717,85,71.0
581,581,파랑피아노교습소,서울특별시 광진구 동일로20길 20,37.5411181,127.0647455,30,5.0
582,582,새움보습학원,서울특별시 광진구 자양번영로 18,37.5311623,127.0753313,35,80.0
583,583,한몽한국어교습소,서울특별시 광진구 자양로 259,37.5493627,127.089732,27,9.0
584,584,스펀지영어교습소,서울특별시 광진구 아차산로 549,37.5441452,127.1015274,24,6.0
585,585,국어논술이안학원,서울특별시 광진구 아차산로 502,37.5413438,127.097272,280,69.0
586,586,왕지로열발레학원,서울특별시 광진구 능동로 267,37.5539176,127.0773765,81,74.0
587,587,아트구루미술교습소,서울특별시 광진구 자양로42길 38,37.5484381,127.0919762,27,9.0
588,588,아라미술학원,서울특별시 광진구 동일로70길 53,37.5639927,127.0797587,270,54.0
589,589,이기옥논술교습소,서울특별시 광진구 뚝섬로36가길 15,37.5322136,127.0716289,36,9.0
590,590,문쌔미국어교습소,서울특별시 광진구 광나루로 635,37.5406205,127.0986045,24,8.0
591,591,대원킨더아카데미제2관어학원,서울특별시 광진구 용마산로22길 24,37.56357819999999,127.0884451,76,152.0
592,592,예화수학교습소,서울특별시 광진구 능동로49길 19,37.5644802,127.0822388,12,4.0
593,593,플로라음악학원(Flora Music Academy),서울특별시 광진구 천호대로111길 36,37.55793430000001,127.0828806,105,46.0
594,594,신예음음악교습소,서울특별시 광진구 광나루로 635,37.5406205,127.0986045,47,9.0
595,595,광장앤스마일학원,서울특별시 광진구 광장로 47,37.5470571,127.1024621,162,71.0
596,596,E.I.E학원,서울특별시 광진구 영화사로 34,37.55659010000001,127.0905058,60,74.0
597,597,리딩오션독서논술광진직영학원,서울특별시 광진구 아차산로70길 26,37.54196659999999,127.1011914,240,48.0
598,598,제니스잉글리쉬부띠끄(Jenny`s English Boutique)영어교습소,서울특별시 광진구 광나루로 635,37.5406205,127.0986045,24,8.0
599,599,이투학원,서울특별시 광진구 광나루로36길 76,37.5416807,127.0854372,2273,71.0
600,600,이투원격교습학원,서울특별시 광진구 광나루로36길 76,37.5416807,127.0854372,160,0.0
601,601,블럭마을영어교습소,서울특별시 광진구 용마산로1길 96,37.556559,127.0834991,30,6.0
602,602,올림피아드대입관학원,서울특별시 광진구 자양로 90,37.5358295,127.084207,140,145.0
603,603,채움미래학원,서울특별시 광진구 용마산로16길 9,37.5622133,127.0877449,108,69.0
604,604,석선생영어전문학원,서울특별시 광진구 아차산로 480,37.540456,127.0952326,250,115.0
605,605,공간프리미엄독서실,서울특별시 광진구 면목로 161,37.5677311,127.0820199,368,92.0
606,606,빛샘국어독서논술학원,서울특별시 광진구 용마산로 95,37.5621386,127.0869761,269,75.0
607,607,광진고스(GOS)에듀2관학원,서울특별시 광진구 구의로16길 89,37.5416947,127.0943838,720,106.0
608,608,어린음악대조이원음악학원,서울특별시 광진구 뚝섬로 558,37.5340724,127.0718277,150,50.0
609,609,아르떼음악학원,서울특별시 광진구 동일로 256-1,37.5541423,127.0712633,420,51.0
610,610,별타쌤솔루션수학교습소,서울특별시 광진구 뚝섬로37길 11,37.5350143,127.0716811,30,6.0
611,611,심슨어학보습학원,서울특별시 광진구 아차산로 506,37.5414171,127.0976337,720,668.0
612,612,너의/미술교습소,서울특별시 광진구 자양번영로2길 33,37.53029350000001,127.076874,23,9.0
613,613,서림제2관학원,서울특별시 광진구 면목로 136,37.565423,127.0811798,56,70.0
614,614,줄탁동시수학교습소,서울특별시 광진구 구의강변로 96,37.5384981,127.0946643,16,4.0
615,615,소리엘피아노교습소,서울특별시 광진구 천호대로117길 62,37.5576523,127.0853206,15,5.0
616,616,창조수학제2관학원,서울특별시 광진구 광나루로 582,37.5430855,127.0933652,59,68.0
617,617,장문원격교습학원,서울특별시 광진구 아차산로65길 24,37.541358,127.0936841,12000,0.0
618,618,나무수학학원,서울특별시 광진구 군자로 109,37.5528718,127.0719913,120,68.0
619,619,로이뮤직실용음악교습소,서울특별시 광진구 자양로 282-1,37.5509934,127.0917623,12,3.0
620,620,드림아트미술학원,서울특별시 광진구 아차산로 493,37.5417983,127.0961971,350,25.0
621,621,아이루체몬테소리학원,서울특별시 광진구 자양로5길 36,37.531206,127.0837497,750,92.0
622,622,서울디자인기술아카데미학원,서울특별시 광진구 능동로 339,37.5599223,127.0807312,82,61.0
623,623,민선피아노교습소,서울특별시 광진구 광나루로56길 63,37.53739729999999,127.0976212,12,6.0
624,624,앤수학영어학원,서울특별시 광진구 자양로9길 77,37.5317775,127.0812127,64,70.0
625,625,뷰티인강원격학원,서울특별시 광진구 광나루로 436,37.545554,127.0777267,340,0.0
626,626,리드인독서논술광장점교습소,서울특별시 광진구 아차산로76길 31,37.5470808,127.1085548,60,5.0
627,627,블루밍잉글리쉬영어교습소,서울특별시 광진구 광나루로36길 28,37.5437193,127.0863141,10,5.0
628,628,오!잉글리시랩(Oh!English Lab)영어교습소,서울특별시 광진구 뚝섬로 533,37.5351805,127.0694982,45,9.0
629,629,유리발레스튜디오학원,서울특별시 광진구 뚝섬로 587,37.5335228,127.0754315,20,48.0
630,630,박쌤독서&논술교습소,서울특별시 광진구 아차산로 549,37.5441452,127.1015274,35,7.0
631,631,자람미술학원,서울특별시 광진구 뚝섬로36길 15,37.533733,127.0714588,120,54.0
632,632,예다움음악교습소,서울특별시 광진구 광나루로35길 38,37.5463033,127.0879807,90,6.0
633,633,비더원영어교습소,서울특별시 광진구 아차산로65길 14,37.5410475,127.0940895,45,9.0
634,634,생각날기논슬교습소,서울특별시 광진구 천호대로119길 58,37.55744139999999,127.085998,24,4.0
635,635,THE상승학원,서울특별시 광진구 자양로 46,37.5322381,127.0859794,106,75.0
636,636,광진위드영어교습소,서울특별시 광진구 능동로34길 91,37.5539762,127.0841856,66,6.0
637,637,아트앤하트구의미술교습소,서울특별시 광진구 광나루로39길 11,37.5454994,127.0887779,54,9.0
638,638,광진최강푸르넷수학교습소,서울특별시 광진구 영화사로 37-1,37.5565573,127.0912276,12,4.0
639,639,매쓰홍수학전문학원,서울특별시 광진구 아차산로 493,37.5417983,127.0961971,75,72.0
640,640,최선해법영어학원,서울특별시 광진구 광나루로56길 34,37.5386271,127.0958742,27,72.0
641,641,그리네미술학원,서울특별시 광진구 능동로 403,37.5652171,127.0836785,160,50.0
642,642,매쓰플랜수학학원,서울특별시 광진구 자양번영로 56,37.5344736,127.0763255,10,74.0
643,643,글로리음악교습소,서울특별시 광진구 용마산로 41,37.5572812,127.0876908,18,9.0
644,644,C&A논술학원,서울특별시 광진구 광나루로 635,37.5406205,127.0986045,117,71.0
645,645,위즈덤독서논술교습소,서울특별시 광진구 능동로49길 24,37.5647746,127.0820222,40,4.0
646,646,K-English영어교습소,서울특별시 광진구 광나루로 606,37.5413415,127.0951373,3,3.0
647,647,플라톤아카데미자양성자독서논술교습소,서울특별시 광진구 뚝섬로54길 49,37.5294543,127.0800874,63,3.0
648,648,지혜담은국어교습소,서울특별시 광진구 아차산로 493,37.5417983,127.0961971,24,8.0
649,649,유니크수학블랙라벨학원,서울특별시 광진구 자양번영로 28,37.5321601,127.0756141,330,76.0
650,650,플랜에이치헤어아카데미학원,서울특별시 광진구 동일로30길 52,37.5473969,127.0702269,60,69.0
651,651,김안나키즈싱어2호점음악교습소,서울특별시 광진구 광나루로56길 32,37.5386271,127.0958742,7,7.0
652,652,다온해법학원,서울특별시 광진구 뚝섬로52라길 39-3,37.5296052,127.0808128,90,81.0
653,653,엑터스프로젝트연기학원,서울특별시 광진구 천호대로 604,37.5548434,127.0844602,290,58.0
654,654,뮤트디오댄스학원,서울특별시 광진구 아차산로 192,37.5414999,127.0648134,368,115.0
655,655,메종드발레학원,서울특별시 광진구 아차산로 431,37.538653,127.0901794,80,71.0
656,656,스마트쿠키즈영어학원,서울특별시 광진구 천호대로111길 20,37.5572403,127.0824914,80,80.0
657,657,아소비자양센터학원,서울특별시 광진구 자양로3길 70,37.5295085,127.0828485,60,75.0
658,658,광진구의자라다남아미술학원,서울특별시 광진구 아차산로 453,37.5394007,127.0923951,41,48.0
659,659,너머섬미술학원,서울특별시 광진구 자양로 253,37.5491049,127.0894397,640,111.0
660,660,아이꿈틀미술교육학원,서울특별시 광진구 뚝섬로 590,37.5331067,127.0752992,60,56.0
661,661,청출어람보습학원,서울특별시 광진구 아차산로 479,37.5408115,127.0948355,910,77.0
662,662,광진크라센고등관영어학원,서울특별시 광진구 아차산로 552,37.5431583,127.1041888,2040,192.0
663,663,월드클래스커피바리스타학원,서울특별시 광진구 군자로 43,37.547115,127.0700222,360,124.0
664,664,새미준학원,서울특별시 광진구 뚝섬로33길 34,37.5365712,127.0701466,18,71.0
665,665,독션학원,서울특별시 광진구 천호대로 691,37.5499264,127.0916943,42,59.0
666,666,신지원국어학원,서울특별시 광진구 구의로16길 91,37.5415644,127.0945118,284,71.0
667,667,클라비스수학학원,서울특별시 광진구 구의로16길 89,37.5416947,127.0943838,420,103.0
668,668,순수미술학원,서울특별시 광진구 천호대로131길 7,37.5517336,127.0905436,128,64.0
669,669,본스타성동광진캠퍼스연기학원,서울특별시 광진구 능동로 267,37.5539176,127.0773765,80,66.0
670,670,분석수학교습소,서울특별시 광진구 용마산로3길 93,37.5571008,127.0830786,9,3.0
671,671,다움국어교습소,서울특별시 광진구 아차산로36길 35,37.5363514,127.0745967,44,7.0
672,672,한솔플라톤아카데미자양독서논술학원,서울특별시 광진구 자양번영로 38,37.5328543,127.0758789,40,80.0
673,673,웅진프라임학원,서울특별시 광진구 광나루로 590,37.5425759,127.0939174,100,108.0
674,674,레나바이올린아카데미음악교습소,서울특별시 광진구 광나루로56길 29,37.53739729999999,127.0976212,28,7.0
675,675,기파랑문해원광진학원,서울특별시 광진구 광나루로54길 6,37.5405539,127.0958609,27,75.0
676,676,열방수학교습소,서울특별시 광진구 영화사로7길 24,37.5566238,127.0921941,21,7.0
677,677,리샤김영어교습소,서울특별시 광진구 아차산로 552,37.5431583,127.1041888,72,7.0
678,678,리드인독서논술광진센터학원,서울특별시 광진구 광나루로46길 3,37.5434518,127.0929563,90,70.0
679,679,리도토음악학원,서울특별시 광진구 아차산로69길 6,37.5423625,127.098436,100,40.0
680,680,주스보이스스터디교습소,서울특별시 광진구 구의강변로 95,37.5391005,127.0937621,4,5.0
681,681,그림명상미술교습소,서울특별시 광진구 광나루로56길 63,37.53739729999999,127.0976212,65,5.0
682,682,아트티움창의미술교습소,서울특별시 광진구 자양로40길 48,37.5470308,127.0911931,10,6.0
683,683,광진시소국어교습소,서울특별시 광진구 능동로36길 91,37.5547082,127.0839242,30,6.0
684,684,벡터수학학원,서울특별시 광진구 자양번영로 38,37.5328543,127.0758789,192,73.0
685,685,스마트올클래스구의학원,서울특별시 광진구 광나루로30다길 3,37.5433657,127.0816977,70,112.0
686,686,뮤엠광진초점영어교습소,서울특별시 광진구 광나루로39길 11,37.5454994,127.0887779,80,5.0
687,687,정직한153수학프리미엄관학원,서울특별시 광진구 아차산로 511,37.5421511,127.0981542,168,119.0
688,688,수학지능학원,서울특별시 광진구 광나루로 586,37.5428623,127.0937426,59,82.0
689,689,에이블영어학원,서울특별시 광진구 구의강변로 106,37.5399001,127.0948193,24,84.0
690,690,이지수학교습소,서울특별시 광진구 아차산로 530,37.5419395,127.0996713,10,2.0
691,691,주지은수학교습소,서울특별시 광진구 뚝섬로 631-1,37.5320639,127.0800011,20,4.0
692,692,뉴런과학학원,서울특별시 광진구 뚝섬로35길 9,37.5356572,127.0700386,170,71.0
693,693,놀작자양아트센터미술학원,서울특별시 광진구 능동로4길 38,37.5321852,127.0690312,10,46.0
694,694,에스제이발레2관학원,서울특별시 광진구 아차산로 461,37.5398941,127.0932358,135,50.0
695,695,유니온국어논술학원,서울특별시 광진구 아차산로 459,37.5444761,127.0897654,16,70.0
696,696,사계절아뜰리에미술학원,서울특별시 광진구 뚝섬로33길 34,37.5365712,127.0701466,135,40.0
697,697,한수연유니온수학학원,서울특별시 광진구 아차산로 459,37.5444761,127.0897654,64,75.0
698,698,리드앤톡영어도서관학원,서울특별시 광진구 구의강변로 106,37.5399001,127.0948193,327,69.0
699,699,아트스테이무용학원,서울특별시 광진구 천호대로 805,37.5457426,127.1032685,40,55.0
700,700,형이랑미술학원,서울특별시 광진구 자양로43길 57,37.5531401,127.089906,240,70.0
701,701,오성호영어채널원격학원,서울특별시 광진구 천호대로 536,37.5574963,127.0776573,30,100.0
702,702,T.M수학교습소,서울특별시 광진구 용마산로3길 93,37.5571008,127.0830786,9,3.0
703,703,뮤엠영어강변교습소,서울특별시 광진구 광나루로56길 29,37.53739729999999,127.0976212,30,6.0
704,704,소시오툰즈원격학원,서울특별시 광진구 능동로 266,37.5537013,127.0778977,6,50.0
705,705,역사박사원격학원,서울특별시 광진구 아차산로49길 103,37.5415536,127.0844919,100,50.0
706,706,코딩하루교습소,서울특별시 광진구 천호대로111길 35,37.557918,127.0825732,42,6.0
707,707,숨뮤직아카데미학원,서울특별시 광진구 능동로 442,37.5680238,127.0857309,60,44.0
708,708,하이탑수학학원,서울특별시 광진구 자양로5길 36,37.531206,127.0837497,36,107.0
709,709,바른국어교습소,서울특별시 광진구 동일로72길 30,37.5655542,127.0792109,18,6.0
710,710,해랑미술교습소,서울특별시 광진구 자양로 259,37.5493627,127.089732,90,9.0
711,711,티쿤올람수학교습소,서울특별시 광진구 군자로 67,37.5492615,127.0705598,12,4.0
712,712,이룸국영수학원,서울특별시 광진구 뚝섬로56길 23,37.5303566,127.0827718,276,71.0
713,713,샤론클라비어음악학원,서울특별시 광진구 뚝섬로64길 10,37.5331,127.0886974,55,33.0
714,714,비피엠댄스학원,서울특별시 광진구 능동로 267,37.5539176,127.0773765,0,
715,715,참나무교육원격학원,서울특별시 광진구 아차산로78길 75,37.5516182,127.1109471,50,100.0
716,716,한수학교습소,서울특별시 광진구 광나루로39길 11,37.5454994,127.0887779,24,4.0
717,717,모네미술교습소,서울특별시 광진구 자양번영로 48,37.5337708,127.0761036,20,5.0
718,718,크림슨영어교습소,서울특별시 광진구 자양로 246,37.5483357,127.0892117,9,3.0
719,719,필립영어교습소,서울특별시 광진구 아차산로70길 62,37.5406205,127.0986045,6,2.0
720,720,에이플러스수학전문학원,서울특별시 광진구 뚝섬로 668,37.5315414,127.0837348,18,79.0
721,721,밸류인수학광진2관학원,서울특별시 광진구 아차산로 484,37.540724,127.0956717,120,149.0
722,722,수학공간수학교습소,서울특별시 광진구 동일로38길 15,37.5514184,127.0703291,20,4.0
723,723,보컬플래닛실용음악학원,서울특별시 광진구 천호대로 576,37.5558723,127.0818222,70,37.0
724,724,러닝메이트원격학원,서울특별시 광진구 능동로 68,37.53691269999999,127.0696803,0,
725,725,아트블룸미술학원,서울특별시 광진구 자양로 170,37.5427953,127.084605,235,47.0
726,726,삼성영어보습학원,서울특별시 광진구 뚝섬로56길 59,37.5288562,127.0829213,140,71.0
727,727,좋은소리음악교습소,서울특별시 광진구 동일로72길 34,37.5655233,127.0793634,18,3.0
728,728,씨앤씨애니스타미술학원,서울특별시 광진구 천호대로 579,37.5564322,127.0826217,442,129.0
729,729,품격일본어교습소,서울특별시 광진구 자양로3가길 3,37.5299102,127.084201,18,5.0
730,730,퓨즈광진실용음악학원,서울특별시 광진구 아차산로 306,37.5378948,127.0768343,40,45.0
731,731,잉글리쉬잇업보습학원,서울특별시 광진구 능동로4길 17,37.533423,127.0688046,32,70.0
732,732,광진구주이배카이관학원,서울특별시 광진구 광나루로 604,37.5415728,127.0949101,120,134.0
733,733,에스독학재수학원,서울특별시 광진구 광나루로 582,37.5430855,127.0933652,210,85.0
734,734,진영어교습소,서울특별시 광진구 아차산로 522,37.5419395,127.0996713,56,8.0
735,735,감각영어교습소,서울특별시 광진구 자양로23길 83,37.5439705,127.0838323,45,5.0
736,736,수능콘서트보습학원,서울특별시 광진구 아차산로 445,37.5390167,127.0918539,39,72.0
737,737,청담클루빌보습학원,서울특별시 광진구 천호대로113길 5,37.5575368,127.0830728,90,78.0
738,738,눈높이러닝센타아차산보습학원,서울특별시 광진구 영화사로 47,37.5560566,127.0919585,1305,70.0
739,739,에스에이치보습학원,서울특별시 광진구 광나루로 586,37.5428623,127.0937426,320,77.0
740,740,더아트미술학원,서울특별시 광진구 아차산로 499,37.5424654,127.0962926,56,62.0
741,741,윤선생영어광장보습학원,서울특별시 광진구 아차산로 499,37.5424654,127.0962926,120,74.0
742,742,키즈칼리지워커힐어학학원,서울특별시 광진구 아차산로 494,37.541154,127.0967128,152,207.0
743,743,애니포스미술학원,서울특별시 광진구 광나루로 416,37.54649510000001,127.0755874,110,78.0
744,744,153수학학원,서울특별시 광진구 광나루로54길 32,37.5394662,127.0951348,168,139.0
745,745,알파트리학원,서울특별시 광진구 자양번영로 17,37.5312533,127.0748645,211,70.0
746,746,광진ECC어학학원,서울특별시 광진구 아차산로 471,37.5404134,127.0939444,58,269.0
747,747,매쓰플랜보습학원,서울특별시 광진구 뚝섬로 558,37.5340724,127.0718277,84,80.0
748,748,베리타스탑영어보습학원,서울특별시 광진구 광나루로 606,37.5413415,127.0951373,40,71.0
749,749,애플트리센클영어학원,서울특별시 광진구 능동로4길 61,37.5319578,127.0704582,149,80.0
750,750,상상미술교습소,서울특별시 광진구 용마산로3길 104,37.5574636,127.0826587,85,9.0
751,751,두앤비수학보습학원,서울특별시 광진구 광나루로 601,37.5420969,127.0952129,220,183.0
752,752,해오름미술학원,서울특별시 광진구 영화사로 47,37.5560566,127.0919585,41,38.0
753,753,국풍2000광진관학원,서울특별시 광진구 아차산로 478,37.540312,127.095016,234,122.0
754,754,소마사고력수학학원,서울특별시 광진구 아차산로 478,37.540312,127.095016,56,115.0
755,755,미주음악교습소,서울특별시 광진구 군자로 92-1,37.5513664,127.0712917,28,4.0
756,756,그림아트스튜디오미술교습소,서울특별시 광진구 뚝섬로37길 11,37.5350143,127.0716811,24,9.0
757,757,탑클래스수학보습학원,서울특별시 광진구 아차산로 478,37.540312,127.095016,126,70.0
758,758,학연학원,서울특별시 광진구 뚝섬로 558,37.5340724,127.0718277,102,77.0
759,759,수좌보습학원,서울특별시 광진구 광나루로 580,37.5432411,127.0932438,445,117.0
760,760,푸른솔컴퓨터학원,서울특별시 광진구 뚝섬로 681,37.5324975,127.0849993,80,58.0
761,761,이손음악교습소,서울특별시 광진구 군자로 82,37.550391,127.0711679,144,9.0
762,762,GT수학교습소,서울특별시 광진구 광나루로36길 42,37.5430909,127.0860012,52,4.0
763,763,명문주산교습소,서울특별시 광진구 능동로6길 22,37.534056,127.0692057,63,5.0
764,764,멘토보습학원,서울특별시 광진구 자양로 170,37.5427953,127.084605,80,75.0
765,765,한우리국어교습소,서울특별시 광진구 구의강변로 96,37.5384981,127.0946643,7,7.0
766,766,아이네클라이네음악학원,서울특별시 광진구 구의강변로 106,37.5399001,127.0948193,118,32.0
767,767,열린이화음악교습소,서울특별시 광진구 용마산로2길 31,37.5553877,127.0900643,45,5.0
768,768,고운빛독서실,서울특별시 광진구 자양번영로 52,37.5340871,127.0760397,82,82.0
769,769,New예일피아노교습소,서울특별시 광진구 뚝섬로37길 11,37.5350143,127.0716811,25,5.0
770,770,매쓰플랜자양2관학원,서울특별시 광진구 뚝섬로36길 18,37.5334492,127.0704997,24,80.0
771,771,임박사의일본가자통역학원,서울특별시 광진구 구의강변로 83,37.5381481,127.0935026,278,139.0
772,772,꿈꾸는화가미술교습소,서울특별시 광진구 자양로6길 40,37.53269239999999,127.0880208,35,8.0
773,773,엘리트뮤지션피아노교습소,서울특별시 광진구 능동로32길 53,37.5543731,127.0815934,8,2.0
774,774,꼭두일러스트학원,서울특별시 광진구 뚝섬로64길 50,37.5314369,127.0888456,300,50.0
775,775,아이러브음악교습소,서울특별시 광진구 천호대로136길 56,37.5474064,127.0896814,15,5.0
776,776,제임스영어학원,서울특별시 광진구 아차산로 477,37.540732,127.094682,70,81.0
777,777,준아카데미보습학원,서울특별시 광진구 아차산로 623,37.548496,127.106796,60,44.0
778,778,예아음악교습소,서울특별시 광진구 긴고랑로7길 70,37.5663567,127.080811,45,9.0
779,779,홍선생피아노교습소,서울특별시 광진구 뚝섬로56길 59,37.5288562,127.0829213,25,5.0
780,780,글렌피아노교습소,서울특별시 광진구 구의강변로3길 13,37.5357805,127.0911766,40,4.0
781,781,옵트미어영수학원,서울특별시 광진구 뚝섬로41길 8,37.5339368,127.0751097,170,55.0
782,782,하이클래스보습학원,서울특별시 광진구 뚝섬로 655,37.5315998,127.0823202,136,77.0
783,783,해법영어최선엘리트학원,서울특별시 광진구 천호대로 136길 46,37.54776349999999,127.0900713,170,68.0
784,784,에이스에듀케이션학원,서울특별시 광진구 아차산로 471,37.5404134,127.0939444,48,128.0
785,785,숨피아노교습소,서울특별시 광진구 동일로26길 46,37.5447084,127.0683161,40,9.0
786,786,한가람보습학원,서울특별시 광진구 영화사로 19,37.557691,127.0896293,96,50.0
