노드링크 유형,시군구명,읍면동명,위도,경도
NODE,노원구,상계동,37.670926553,127.05118316
NODE,노원구,상계동,37.648808923,127.06204978
LINK,노원구,상계동,37.655705308,127.06053052
NODE,노원구,상계동,37.648902462,127.06239485
LINK,노원구,하계동,37.634547803,127.06598121
NODE,노원구,상계동,37.668972804,127.0607285
NODE,노원구,상계동,37.66917664,127.06041486
NODE,노원구,상계동,37.66906002,127.06023338
NODE,노원구,상계동,37.669872847,127.05941928
NODE,노원구,상계동,37.669973441,127.05961513
LINK,노원구,공릉동,37.628747813,127.07149139
NODE,노원구,하계동,37.631823092,127.07037209
NODE,노원구,월계동,37.615962715,127.06993003
LINK,노원구,하계동,37.635795069,127.06794203
LINK,노원구,중계동,37.646152841,127.06605505
NODE,노원구,공릉동,37.629063553,127.07161254
LINK,노원구,상계동,37.668874402,127.06072122
NODE,노원구,월계동,37.629258864,127.05494381
NODE,노원구,월계동,37.628933756,127.05524571
NODE,노원구,공릉동,37.626594416,127.08558692
LINK,노원구,중계동,37.63984609,127.06066148
NODE,노원구,공릉동,37.627418314,127.06936877
LINK,노원구,중계동,37.649370092,127.06942412
NODE,노원구,상계동,37.661467444,127.05890979
NODE,노원구,공릉동,37.626669732,127.08586898
NODE,노원구,하계동,37.632297448,127.06732017
LINK,노원구,상계동,37.659832814,127.0726238
LINK,노원구,공릉동,37.631002082,127.06744849
NODE,노원구,월계동,37.631666308,127.06114765
NODE,노원구,하계동,37.632238074,127.06709854
NODE,노원구,공릉동,37.631071891,127.06743128
NODE,노원구,중계동,37.63948757,127.06055779
NODE,노원구,상계동,37.667537816,127.0568986
LINK,노원구,상계동,37.662899619,127.06166044
NODE,노원구,상계동,37.671281424,127.08226003
NODE,노원구,상계동,37.652649991,127.06777617
NODE,노원구,월계동,37.629112502,127.05472502
NODE,노원구,공릉동,37.627880687,127.06920807
NODE,노원구,공릉동,37.625132311,127.08835319
NODE,노원구,공릉동,37.621316008,127.08710575
NODE,노원구,상계동,37.654107901,127.06042861
LINK,노원구,상계동,37.65493119,127.05700856
NODE,노원구,월계동,37.627618644,127.0631013
LINK,노원구,상계동,37.662721936,127.06923464
NODE,노원구,월계동,37.625549878,127.05191915
NODE,노원구,월계동,37.625950278,127.05212084
NODE,노원구,상계동,37.66427291,127.05601346
NODE,노원구,상계동,37.664346642,127.05494836
NODE,노원구,상계동,37.670554971,127.08130045
LINK,노원구,월계동,37.627777489,127.04984466
NODE,노원구,상계동,37.664410216,127.05601932
NODE,노원구,월계동,37.625952624,127.05199136
NODE,노원구,월계동,37.626648682,127.05118619
NODE,노원구,월계동,37.626545765,127.05103362
NODE,노원구,상계동,37.65823097,127.06963106
NODE,노원구,상계동,37.661702903,127.05406657
NODE,노원구,월계동,37.626756855,127.06550604
NODE,노원구,상계동,37.67138001,127.08200102
LINK,노원구,상계동,37.656183775,127.06273629
LINK,노원구,공릉동,37.629883238,127.07644603
LINK,노원구,월계동,37.634023331,127.05916978
LINK,노원구,하계동,37.636088825,127.06848906
LINK,노원구,상계동,37.649172373,127.06205871
NODE,노원구,상계동,37.657881403,127.06797513
LINK,노원구,상계동,37.660992651,127.05877088
NODE,노원구,상계동,37.667822717,127.07932252
NODE,노원구,상계동,37.657725803,127.06808886
LINK,노원구,월계동,37.62753299,127.04784693
NODE,노원구,상계동,37.656762248,127.06574453
NODE,노원구,월계동,37.628393429,127.05575461
NODE,노원구,월계동,37.628914718,127.05678224
NODE,노원구,월계동,37.628796553,127.05501541
LINK,노원구,중계동,37.64605094,127.06637406
NODE,노원구,공릉동,37.621457651,127.08743678
LINK,노원구,공릉동,37.622349005,127.07937022
NODE,노원구,공릉동,37.621329837,127.08697341
LINK,노원구,하계동,37.63188182,127.06974556
LINK,노원구,중계동,37.651388253,127.07281947
NODE,노원구,월계동,37.625767376,127.05171501
NODE,노원구,중계동,37.654708767,127.07798515
LINK,노원구,상계동,37.664154895,127.06726225
LINK,노원구,월계동,37.619524344,127.05807553
NODE,노원구,월계동,37.630174663,127.05408412
LINK,노원구,상계동,37.657803603,127.06803199
LINK,노원구,상계동,37.665854732,127.07773917
NODE,노원구,중계동,37.647748554,127.08050409
NODE,노원구,상계동,37.656083266,127.06276781
NODE,노원구,중계동,37.645308331,127.06421412
NODE,노원구,중계동,37.647709547,127.08071966
NODE,노원구,공릉동,37.616924268,127.07308265
NODE,노원구,공릉동,37.616942626,127.07300211
LINK,노원구,공릉동,37.625634936,127.09389403
NODE,노원구,공릉동,37.631030495,127.06778518
NODE,노원구,공릉동,37.621553689,127.08754335
LINK,노원구,상계동,37.660847961,127.06201106
NODE,노원구,하계동,37.636813307,127.06528883
LINK,노원구,월계동,37.627064581,127.05409194
NODE,노원구,공릉동,37.621800918,127.08744869
NODE,노원구,상계동,37.661439746,127.0540232
LINK,노원구,중계동,37.644225854,127.08314438
LINK,노원구,중계동,37.64277775,127.06249299
LINK,노원구,공릉동,37.621452325,127.08690163
LINK,노원구,상계동,37.658644221,127.07098653
LINK,노원구,공릉동,37.623422011,127.09023887
LINK,노원구,하계동,37.638130567,127.06487558
NODE,노원구,중계동,37.645568034,127.06353811
NODE,노원구,상계동,37.65414655,127.06092897
LINK,노원구,중계동,37.639111117,127.06413893
LINK,노원구,하계동,37.634341816,127.07189386
LINK,노원구,중계동,37.650696763,127.07472677
LINK,노원구,상계동,37.680799506,127.05542409
LINK,노원구,월계동,37.620075401,127.06977265
NODE,노원구,공릉동,37.621839868,127.08738832
LINK,노원구,공릉동,37.630206168,127.09818147
LINK,노원구,공릉동,37.617552196,127.07532732
LINK,노원구,상계동,37.661571521,127.07059375
LINK,노원구,공릉동,37.631077417,127.06777227
NODE,노원구,공릉동,37.630318367,127.0981068
LINK,노원구,공릉동,37.62138683,127.08727127
LINK,노원구,공릉동,37.622890539,127.07122971
NODE,노원구,공릉동,37.6202207,127.08430865
NODE,노원구,중계동,37.65795551,127.07528456
LINK,노원구,하계동,37.631776662,127.06758587
LINK,노원구,중계동,37.650510075,127.07673135
NODE,노원구,하계동,37.637965588,127.07386287
LINK,노원구,공릉동,37.619268301,127.07233823
NODE,노원구,월계동,37.614964834,127.06487938
NODE,노원구,공릉동,37.62066445,127.084617
LINK,노원구,상계동,37.670738805,127.05395699
NODE,노원구,상계동,37.658395839,127.06954654
NODE,노원구,상계동,37.670967109,127.05262991
LINK,노원구,중계동,37.640664776,127.06880052
NODE,노원구,월계동,37.626916927,127.06572773
NODE,노원구,공릉동,37.620391991,127.08479364
LINK,노원구,상계동,37.66904077,127.08016304
LINK,노원구,상계동,37.666555236,127.0782617
LINK,노원구,중계동,37.654897142,127.07429828
LINK,노원구,상계동,37.664427709,127.06640893
NODE,노원구,중계동,37.653399934,127.07836314
LINK,노원구,월계동,37.626836891,127.06561688
NODE,노원구,공릉동,37.621574813,127.08682984
NODE,노원구,하계동,37.636760789,127.06507583
NODE,노원구,하계동,37.634533885,127.06631501
LINK,노원구,중계동,37.659885451,127.07542393
NODE,노원구,하계동,37.634403547,127.06612497
NODE,노원구,상계동,37.650559197,127.0683818
LINK,노원구,중계동,37.6413339,127.06313559
LINK,노원구,상계동,37.683694421,127.05546079
NODE,노원구,하계동,37.63442878,127.06601852
LINK,노원구,월계동,37.628303223,127.04686064
NODE,노원구,상계동,37.656613599,127.06426078
NODE,노원구,중계동,37.649303299,127.06930736
NODE,노원구,상계동,37.672417205,127.08290764
NODE,노원구,공릉동,37.628261999,127.08502486
NODE,노원구,상계동,37.655846809,127.0605073
NODE,노원구,중계동,37.649436885,127.06954088
NODE,노원구,하계동,37.634776667,127.06595839
LINK,노원구,하계동,37.637027115,127.07042592
NODE,노원구,월계동,37.618210037,127.05717256
NODE,노원구,상계동,37.655893258,127.06039063
NODE,노원구,상계동,37.65485347,127.05704351
LINK,노원구,상계동,37.654072618,127.06040186
LINK,노원구,하계동,37.631920561,127.07002184
LINK,노원구,상계동,37.654592319,127.06193349
NODE,노원구,상계동,37.654802405,127.05711932
NODE,노원구,공릉동,37.62779817,127.09599724
NODE,노원구,상계동,37.655406334,127.06005765
NODE,노원구,중계동,37.649412248,127.06966785
NODE,노원구,상계동,37.655742709,127.05996456
NODE,노원구,상계동,37.65500891,127.05697361
NODE,노원구,상계동,37.653452491,127.05750539
NODE,노원구,상계동,37.653529888,127.05784402
NODE,노원구,상계동,37.654037336,127.06037511
NODE,노원구,공릉동,37.622827157,127.09068818
LINK,노원구,월계동,37.622924073,127.06006201
LINK,노원구,상계동,37.660118567,127.07255705
NODE,노원구,상계동,37.654192218,127.0608458
NODE,노원구,상계동,37.6784768,127.05519489
NODE,노원구,상계동,37.654609693,127.06082892
NODE,노원구,상계동,37.653817366,127.05775817
NODE,노원구,상계동,37.653847084,127.05763194
NODE,노원구,상계동,37.654176375,127.05731481
NODE,노원구,상계동,37.654475396,127.06025209
NODE,노원구,상계동,37.654228185,127.05752225
NODE,노원구,상계동,37.655563806,127.06055375
NODE,노원구,상계동,37.658196523,127.05976073
NODE,노원구,상계동,37.658140677,127.05940418
NODE,노원구,월계동,37.616878438,127.06412872
NODE,노원구,월계동,37.628739122,127.05695069
NODE,노원구,월계동,37.628615491,127.05705706
LINK,노원구,월계동,37.62882692,127.05686647
LINK,노원구,상계동,37.659829595,127.07232566
NODE,노원구,월계동,37.628512506,127.05706274
NODE,노원구,월계동,37.628296652,127.05873528
NODE,노원구,월계동,37.628429366,127.05877279
NODE,노원구,월계동,37.634479619,127.0597025
NODE,노원구,월계동,37.634621402,127.05990693
NODE,노원구,월계동,37.61690584,127.06424094
LINK,노원구,하계동,37.637921276,127.06468115
LINK,노원구,중계동,37.650655662,127.07698961
LINK,노원구,상계동,37.670894474,127.05747962
NODE,노원구,상계동,37.656074616,127.06184854
NODE,노원구,공릉동,37.625144507,127.09038025
LINK,노원구,중계동,37.645279571,127.066735
LINK,노원구,하계동,37.637998087,127.06441358
NODE,노원구,공릉동,37.625816406,127.09157515
NODE,노원구,공릉동,37.620470176,127.08414647
NODE,노원구,공릉동,37.625236104,127.09030555
LINK,노원구,상계동,37.664514723,127.05760562
LINK,노원구,상계동,37.645480914,127.05710185
NODE,노원구,공릉동,37.623152341,127.09040661
NODE,노원구,공릉동,37.624703721,127.08920291
LINK,노원구,중계동,37.651376418,127.0731025
NODE,노원구,상계동,37.654256715,127.06761079
LINK,노원구,공릉동,37.629127818,127.07130472
NODE,노원구,상계동,37.654186174,127.06730084
NODE,노원구,상계동,37.670942169,127.05822101
NODE,노원구,월계동,37.620083339,127.0698935
NODE,노원구,월계동,37.620067463,127.06965181
LINK,노원구,상계동,37.655579705,127.0670172
LINK,노원구,중계동,37.649011259,127.0808605
LINK,노원구,상계동,37.658803871,127.07139606
LINK,노원구,중계동,37.645258463,127.06403754
LINK,노원구,월계동,37.623456331,127.06839906
LINK,노원구,공릉동,37.620940962,127.07455955
NODE,노원구,하계동,37.634900094,127.066229
LINK,노원구,공릉동,37.628980788,127.06839333
LINK,노원구,공릉동,37.623521793,127.07370328
LINK,노원구,하계동,37.637973227,127.07261536
NODE,노원구,하계동,37.634600234,127.06634672
NODE,노원구,상계동,37.67083148,127.05397433
NODE,노원구,상계동,37.66512407,127.06094841
NODE,노원구,상계동,37.665178821,127.0612824
NODE,노원구,상계동,37.66505065,127.06131109
NODE,노원구,월계동,37.630044327,127.05384808
NODE,노원구,상계동,37.664991323,127.06097709
NODE,노원구,상계동,37.664832072,127.05912301
NODE,노원구,상계동,37.664687882,127.05915456
NODE,노원구,상계동,37.66717687,127.05738318
LINK,노원구,하계동,37.631764742,127.07035909
NODE,노원구,상계동,37.664672374,127.05812393
NODE,노원구,상계동,37.657366842,127.06658769
NODE,노원구,상계동,37.664670318,127.05765181
NODE,노원구,상계동,37.664432097,127.05809496
NODE,노원구,상계동,37.664377337,127.05776097
NODE,노원구,상계동,37.664443767,127.05763148
NODE,노원구,상계동,37.657236976,127.06635106
NODE,노원구,상계동,37.664503546,127.05705864
NODE,노원구,상계동,37.670646129,127.05393964
NODE,노원구,상계동,37.670786334,127.05259523
LINK,노원구,상계동,37.668079476,127.06442433
NODE,노원구,상계동,37.670787809,127.05438888
NODE,노원구,월계동,37.624397412,127.04973451
LINK,노원구,월계동,37.628865154,127.05513056
LINK,노원구,상계동,37.659110639,127.06476697
LINK,노원구,하계동,37.631841984,127.06741184
NODE,노원구,상계동,37.655891901,127.06185413
NODE,노원구,상계동,37.670748121,127.05606157
LINK,노원구,상계동,37.655186972,127.06462854
LINK,노원구,하계동,37.634972327,127.07184699
NODE,노원구,중계동,37.650827114,127.07692233
NODE,노원구,공릉동,37.62332873,127.09017952
LINK,노원구,상계동,37.653620192,127.05744383
LINK,노원구,공릉동,37.61814448,127.07260327
NODE,노원구,중계동,37.650834334,127.07657916
LINK,노원구,하계동,37.631507324,127.071248
NODE,노원구,공릉동,37.623298903,127.08567521
LINK,노원구,상계동,37.67069742,127.05437442
NODE,노원구,상계동,37.656439855,127.06430853
LINK,노원구,월계동,37.625658627,127.05181708
LINK,노원구,공릉동,37.625192942,127.08837196
NODE,노원구,공릉동,37.622348402,127.08673004
NODE,노원구,상계동,37.667892149,127.06700076
NODE,노원구,공릉동,37.622540668,127.08668711
LINK,노원구,중계동,37.645894668,127.06373773
NODE,노원구,공릉동,37.623914237,127.09063771
NODE,노원구,중계동,37.646587161,127.07001406
LINK,노원구,월계동,37.619149134,127.0578609
LINK,노원구,중계동,37.652443024,127.07362272
NODE,노원구,상계동,37.672295749,127.08314359
NODE,노원구,중계동,37.646653286,127.07029298
NODE,노원구,중계동,37.646390436,127.06629962
LINK,노원구,월계동,37.624305602,127.04983122
NODE,노원구,중계동,37.660548915,127.07569303
LINK,노원구,상계동,37.654549022,127.06079563
NODE,노원구,중계동,37.661448674,127.07584334
NODE,노원구,중계동,37.661467126,127.07556181
NODE,노원구,공릉동,37.622431348,127.08596481
LINK,노원구,하계동,37.639213172,127.06944657
NODE,노원구,상계동,37.656284283,127.06270478
NODE,노원구,중계동,37.647799967,127.0678073
LINK,노원구,중계동,37.654553876,127.07420325
NODE,노원구,중계동,37.659860696,127.07555836
NODE,노원구,상계동,37.68222073,127.05526389
NODE,노원구,상계동,37.680801871,127.05525996
NODE,노원구,상계동,37.678469771,127.05554329
LINK,노원구,상계동,37.670916856,127.05850314
NODE,노원구,공릉동,37.622369745,127.08570867
NODE,노원구,공릉동,37.621698297,127.08695946
LINK,노원구,월계동,37.619940716,127.05835349
NODE,노원구,중계동,37.642751633,127.06238974
NODE,노원구,중계동,37.659910205,127.07528949
LINK,노원구,상계동,37.667859278,127.06644941
NODE,노원구,상계동,37.660830013,127.07160418
LINK,노원구,중계동,37.63820169,127.06454902
LINK,노원구,하계동,37.641723674,127.07243307
NODE,노원구,공릉동,37.622671062,127.08675631
NODE,노원구,상계동,37.660727114,127.07146735
LINK,노원구,하계동,37.634848706,127.06604479
LINK,노원구,월계동,37.631587595,127.06123535
NODE,노원구,중계동,37.658028569,127.07492706
LINK,노원구,공릉동,37.626122568,127.0796447
NODE,노원구,공릉동,37.622723482,127.08704985
NODE,노원구,공릉동,37.623154863,127.09010163
NODE,노원구,중계동,37.657404817,127.07673497
NODE,노원구,공릉동,37.622199515,127.08845186
NODE,노원구,하계동,37.634920745,127.06613118
NODE,노원구,하계동,37.638512132,127.06687252
NODE,노원구,하계동,37.638589728,127.0672467
NODE,노원구,하계동,37.63168625,127.06761312
NODE,노원구,중계동,37.65202533,127.07765098
NODE,노원구,하계동,37.631867073,127.06755861
NODE,노원구,하계동,37.63187396,127.06752121
LINK,노원구,상계동,37.65693386,127.06665738
LINK,노원구,중계동,37.650279777,127.08109553
LINK,노원구,중계동,37.642690309,127.06788313
NODE,노원구,공릉동,37.621993451,127.08858396
LINK,노원구,하계동,37.635169228,127.07170041
NODE,노원구,상계동,37.674072562,127.05518881
LINK,노원구,상계동,37.664419871,127.05495418
LINK,노원구,중계동,37.649022928,127.06974035
LINK,노원구,공릉동,37.622400547,127.08583674
NODE,노원구,하계동,37.638940155,127.07518178
NODE,노원구,월계동,37.618132155,127.05732211
NODE,노원구,공릉동,37.627299799,127.07994808
LINK,노원구,중계동,37.649709648,127.08099812
LINK,노원구,중계동,37.644140821,127.06723965
NODE,노원구,월계동,37.618415847,127.05749351
NODE,노원구,공릉동,37.624341815,127.0865626
LINK,노원구,공릉동,37.621769082,127.08717389
LINK,노원구,중계동,37.650603587,127.07990065
LINK,노원구,공릉동,37.621677304,127.08749602
LINK,노원구,공릉동,37.622697272,127.08690308
NODE,노원구,공릉동,37.623255584,127.08545074
NODE,노원구,상계동,37.661522927,127.07053254
NODE,노원구,공릉동,37.617829074,127.07537795
NODE,노원구,하계동,37.631810007,127.06730246
NODE,노원구,상계동,37.661620115,127.07065497
LINK,노원구,공릉동,37.622272005,127.07412211
LINK,노원구,상계동,37.654823233,127.05721707
LINK,노원구,상계동,37.66118734,127.05843459
LINK,노원구,상계동,37.661563279,127.06188236
NODE,노원구,하계동,37.636381515,127.07083107
LINK,노원구,공릉동,37.627974951,127.08480297
NODE,노원구,공릉동,37.623045945,127.08092322
NODE,노원구,월계동,37.618473132,127.05734395
NODE,노원구,공릉동,37.623052869,127.080774
NODE,노원구,월계동,37.619118206,127.05792849
LINK,노원구,중계동,37.646575506,127.08107635
LINK,노원구,중계동,37.6614579,127.07570257
NODE,노원구,월계동,37.619180062,127.05779331
NODE,노원구,하계동,37.631794864,127.06973397
LINK,노원구,상계동,37.664436027,127.0570773
NODE,노원구,공릉동,37.623515292,127.09029822
LINK,노원구,하계동,37.630903224,127.07393214
NODE,노원구,공릉동,37.627699551,127.09625896
LINK,노원구,상계동,37.655574521,127.06001111
LINK,노원구,공릉동,37.625444534,127.07306642
LINK,노원구,상계동,37.665498381,127.07585676
NODE,노원구,공릉동,37.626343214,127.09533934
LINK,노원구,상계동,37.661040493,127.07123196
NODE,노원구,공릉동,37.625538752,127.09397735
NODE,노원구,공릉동,37.625731119,127.09381071
NODE,노원구,공릉동,37.626499013,127.09511511
NODE,노원구,하계동,37.635399474,127.07128481
NODE,노원구,공릉동,37.622306214,127.0743106
NODE,노원구,공릉동,37.620901035,127.07436675
NODE,노원구,공릉동,37.627423649,127.0719246
LINK,노원구,중계동,37.650336244,127.07130057
LINK,노원구,하계동,37.642918732,127.07187178
NODE,노원구,공릉동,37.628945375,127.06829259
LINK,노원구,상계동,37.658427398,127.06540988
NODE,노원구,상계동,37.656935863,127.06567573
LINK,노원구,상계동,37.665488034,127.07288439
NODE,노원구,중계동,37.656576835,127.07824713
LINK,노원구,상계동,37.68251357,127.05544552
LINK,노원구,중계동,37.643060944,127.06237055
LINK,노원구,하계동,37.631220621,127.0732289
LINK,노원구,중계동,37.64919121,127.07667338
LINK,노원구,중계동,37.638899461,127.06690452
LINK,노원구,공릉동,37.627471594,127.07211024
LINK,노원구,상계동,37.666937857,127.07090224
LINK,노원구,공릉동,37.624851226,127.07975844
NODE,노원구,공릉동,37.629016202,127.06849408
NODE,노원구,중계동,37.639143033,127.06424522
NODE,노원구,상계동,37.666981312,127.07094547
LINK,노원구,상계동,37.654169384,127.06088738
LINK,노원구,월계동,37.62301774,127.06038001
NODE,노원구,상계동,37.666894401,127.07085902
LINK,노원구,공릉동,37.622096483,127.08851791
LINK,노원구,상계동,37.678473286,127.05536909
NODE,노원구,상계동,37.668029143,127.06439982
LINK,노원구,상계동,37.664471396,127.06604336
NODE,노원구,공릉동,37.617506033,127.07594007
NODE,노원구,하계동,37.632517502,127.07251078
LINK,노원구,상계동,37.669923144,127.05951721
NODE,노원구,하계동,37.631872345,127.07028653
NODE,노원구,중계동,37.649028478,127.08075128
NODE,노원구,중계동,37.64899404,127.08096973
LINK,노원구,중계동,37.654662067,127.07447441
NODE,노원구,공릉동,37.625478747,127.07325204
NODE,노원구,상계동,37.665522328,127.07293912
NODE,노원구,하계동,37.632556328,127.07263743
NODE,노원구,상계동,37.682193106,127.05560941
NODE,노원구,하계동,37.631968777,127.06975715
NODE,노원구,상계동,37.669500429,127.08064289
LINK,노원구,월계동,37.628363009,127.05875404
LINK,노원구,하계동,37.6401473,127.073207
NODE,노원구,상계동,37.664773368,127.07394021
NODE,노원구,상계동,37.664702477,127.07385666
LINK,노원구,상계동,37.667241804,127.07878067
NODE,노원구,상계동,37.665453741,127.07282966
LINK,노원구,상계동,37.652674467,127.06792379
NODE,노원구,하계동,37.63886671,127.07574463
LINK,노원구,하계동,37.637305125,127.07049813
NODE,노원구,하계동,37.63898569,127.07540585
NODE,노원구,중계동,37.641918092,127.06811928
NODE,노원구,중계동,37.642658248,127.06778137
NODE,노원구,하계동,37.636268823,127.06788346
NODE,노원구,하계동,37.640944806,127.07614883
NODE,노원구,중계동,37.660585637,127.07541153
NODE,노원구,상계동,37.658356662,127.06529203
NODE,노원구,월계동,37.619553738,127.06348649
NODE,노원구,공릉동,37.628713192,127.0700735
LINK,노원구,공릉동,37.625936694,127.07285542
NODE,노원구,상계동,37.652698943,127.06807141
NODE,노원구,상계동,37.651017562,127.06857786
NODE,노원구,상계동,37.650889473,127.06827569
NODE,노원구,중계동,37.650638162,127.06868735
NODE,노원구,상계동,37.661579779,127.06176569
NODE,노원구,상계동,37.661546779,127.06199903
LINK,노원구,하계동,37.636367017,127.06824902
NODE,노원구,상계동,37.662887941,127.06153931
LINK,노원구,중계동,37.648129026,127.08068993
NODE,노원구,상계동,37.66007131,127.07265055
NODE,노원구,상계동,37.662911298,127.06178156
NODE,노원구,중계동,37.64272237,127.06798489
LINK,노원구,중계동,37.646620224,127.07015352
NODE,노원구,하계동,37.638752992,127.07499778
NODE,노원구,상계동,37.660165825,127.07246354
NODE,노원구,상계동,37.66019165,127.07233402
NODE,노원구,상계동,37.66008015,127.07222956
LINK,노원구,하계동,37.631502574,127.07153431
LINK,노원구,상계동,37.671330717,127.08213052
LINK,노원구,상계동,37.665203539,127.06215183
NODE,노원구,월계동,37.623867111,127.06841095
NODE,노원구,상계동,37.660722113,127.06197497
NODE,노원구,월계동,37.623787174,127.06813466
NODE,노원구,월계동,37.623416351,127.06828106
NODE,노원구,상계동,37.664675648,127.06500573
NODE,노원구,상계동,37.664726189,127.06465168
NODE,노원구,상계동,37.664531486,127.06498257
NODE,노원구,월계동,37.623496312,127.06851706
NODE,노원구,상계동,37.683884471,127.06551067
NODE,노원구,상계동,37.66812981,127.06444885
NODE,노원구,월계동,37.621362987,127.06926316
LINK,노원구,상계동,37.65420228,127.05741853
NODE,노원구,중계동,37.650554545,127.07648501
NODE,노원구,중계동,37.650505281,127.07693079
NODE,노원구,중계동,37.650544892,127.07698363
NODE,노원구,월계동,37.621438371,127.06949628
NODE,노원구,중계동,37.649172815,127.0768401
NODE,노원구,중계동,37.650514869,127.0765319
NODE,노원구,중계동,37.649209605,127.07650665
NODE,노원구,월계동,37.621346605,127.05915588
LINK,노원구,하계동,37.632267761,127.06720935
LINK,노원구,하계동,37.63960839,127.06927174
NODE,노원구,상계동,37.657299475,127.06666939
LINK,노원구,공릉동,37.62888308,127.0710858
LINK,노원구,상계동,37.664737923,127.07389844
NODE,노원구,하계동,37.641314799,127.07614921
NODE,노원구,상계동,37.657055633,127.06683561
NODE,노원구,상계동,37.656979041,127.06680926
NODE,노원구,중계동,37.654695474,127.07835546
LINK,노원구,상계동,37.655862042,127.06020097
NODE,노원구,중계동,37.653390587,127.07801374
NODE,노원구,상계동,37.660063062,127.06405063
NODE,노원구,상계동,37.656888678,127.06650551
LINK,노원구,중계동,37.662439879,127.07585584
LINK,노원구,하계동,37.63855093,127.06705961
NODE,노원구,하계동,37.640097136,127.07307484
NODE,노원구,상계동,37.682504496,127.05527562
NODE,노원구,하계동,37.640197464,127.07333917
LINK,노원구,상계동,37.66717687,127.05736015
NODE,노원구,상계동,37.65125617,127.06124005
LINK,노원구,월계동,37.618171096,127.05724734
LINK,노원구,중계동,37.645438332,127.06360083
LINK,노원구,공릉동,37.61872398,127.0787306
NODE,노원구,월계동,37.621328216,127.05931698
NODE,노원구,상계동,37.645425474,127.05856499
NODE,노원구,묵동,37.616638646,127.07302436
NODE,노원구,월계동,37.615692617,127.07002184
NODE,노원구,하계동,37.644315915,127.0766336
NODE,노원구,상계동,37.664588901,127.06461414
NODE,노원구,상계동,37.664788727,127.06327134
NODE,노원구,상계동,37.682522645,127.05561542
NODE,노원구,상계동,37.665139465,127.06214602
NODE,노원구,상계동,37.6836945,127.05529378
NODE,노원구,상계동,37.664916846,127.06334054
NODE,노원구,상계동,37.665267614,127.06215764
NODE,노원구,상계동,37.645159037,127.05848997
NODE,노원구,상계동,37.645618892,127.05713787
NODE,노원구,공릉동,37.616860382,127.07277188
NODE,노원구,상계동,37.683694343,127.05562781
LINK,노원구,상계동,37.661356145,127.05837534
LINK,노원구,공릉동,37.624750655,127.08917707
LINK,노원구,공릉동,37.617877007,127.07557363
NODE,노원구,하계동,37.644332789,127.07629551
LINK,노원구,상계동,37.667554415,127.05708607
NODE,노원구,하계동,37.635643999,127.06799225
NODE,노원구,중계동,37.651666863,127.07294
NODE,노원구,중계동,37.650784215,127.07472832
NODE,노원구,중계동,37.65060931,127.07472521
NODE,노원구,중계동,37.65129369,127.07300416
NODE,노원구,중계동,37.651459146,127.07320084
NODE,노원구,중계동,37.650254565,127.07139288
NODE,노원구,중계동,37.650417922,127.07120825
LINK,노원구,월계동,37.614951133,127.06482471
NODE,노원구,중계동,37.649188593,127.069844
NODE,노원구,중계동,37.654875388,127.07442881
NODE,노원구,중계동,37.654918896,127.07416775
NODE,노원구,중계동,37.65456283,127.07447441
NODE,노원구,중계동,37.654528695,127.07434238
NODE,노원구,중계동,37.654579057,127.07406411
NODE,노원구,중계동,37.653675837,127.07382507
NODE,노원구,상계동,37.662837616,127.07532762
NODE,노원구,공릉동,37.623088155,127.09054751
LINK,노원구,상계동,37.664372897,127.06621024
LINK,노원구,상계동,37.64507257,127.06011016
NODE,노원구,상계동,37.667793749,127.06699203
LINK,노원구,공릉동,37.631393996,127.08316882
LINK,노원구,공릉동,37.624786258,127.08900304
LINK,노원구,상계동,37.648855692,127.06222231
NODE,노원구,중계동,37.654772705,127.07447175
LINK,노원구,하계동,37.641314687,127.07632154
NODE,노원구,공릉동,37.629082161,127.07111764
NODE,노원구,공릉동,37.629173475,127.07149179
NODE,노원구,공릉동,37.62880034,127.07166984
NODE,노원구,공릉동,37.628695285,127.07131294
NODE,노원구,중계동,37.653618637,127.07409472
NODE,노원구,중계동,37.659344757,127.07331372
NODE,노원구,중계동,37.659258667,127.07315958
LINK,노원구,중계동,37.639496672,127.06062386
LINK,노원구,상계동,37.664341563,127.05601639
NODE,노원구,상계동,37.651677573,127.06149812
NODE,노원구,공릉동,37.629853528,127.07638414
NODE,노원구,중계동,37.657845348,127.07487664
NODE,노원구,상계동,37.658559148,127.07102211
NODE,노원구,중계동,37.656540647,127.07460042
LINK,노원구,공릉동,37.630955077,127.06760671
LINK,노원구,월계동,37.615726977,127.06996721
LINK,노원구,중계동,37.646009189,127.0818893
NODE,노원구,중계동,37.638949599,127.06709412
LINK,노원구,상계동,37.670257562,127.08116337
NODE,노원구,상계동,37.65991216,127.07268093
NODE,노원구,상계동,37.659753467,127.07256666
NODE,노원구,상계동,37.659885215,127.07223871
NODE,노원구,상계동,37.658878751,127.07133908
NODE,노원구,상계동,37.659773974,127.07241262
NODE,노원구,상계동,37.658728991,127.07145305
NODE,노원구,상계동,37.658729294,127.07095095
NODE,노원구,하계동,37.640939703,127.07648476
LINK,노원구,월계동,37.625638068,127.06702355
LINK,노원구,하계동,37.635579689,127.06839219
NODE,노원구,공릉동,37.628539226,127.07013952
NODE,노원구,중계동,37.657151165,127.07660764
NODE,노원구,중계동,37.640631524,127.06869591
NODE,노원구,공릉동,37.627805029,127.06944106
NODE,노원구,월계동,37.631443222,127.04190166
NODE,노원구,중계동,37.657845045,127.07535242
NODE,노원구,중계동,37.639574196,127.06916257
NODE,노원구,공릉동,37.630270072,127.07632701
NODE,노원구,상계동,37.67111649,127.05120056
LINK,노원구,상계동,37.682206918,127.05543665
NODE,노원구,공릉동,37.619255777,127.07223609
LINK,노원구,공릉동,37.62741266,127.06925367
NODE,노원구,중계동,37.657572606,127.07521029
NODE,노원구,중계동,37.643030067,127.06227029
NODE,노원구,중계동,37.643091821,127.06247082
LINK,노원구,공릉동,37.627760167,127.08271806
NODE,노원구,공릉동,37.618159294,127.07270398
NODE,노원구,중계동,37.646648615,127.08113249
NODE,노원구,중계동,37.662711869,127.07553434
NODE,노원구,공릉동,37.620980889,127.07475236
LINK,노원구,상계동,37.662821554,127.07544396
NODE,노원구,중계동,37.656494445,127.07487528
NODE,노원구,공릉동,37.620806981,127.07289357
NODE,노원구,중계동,37.650792412,127.07649406
NODE,노원구,하계동,37.637863379,127.0726167
NODE,노원구,공릉동,37.619280825,127.07244038
LINK,노원구,중계동,37.640294471,127.06360287
NODE,노원구,공릉동,37.618129667,127.07250256
NODE,노원구,공릉동,37.623551425,127.07389177
NODE,노원구,상계동,37.662971343,127.07366814
NODE,노원구,중계동,37.647892466,127.06990029
NODE,노원구,중계동,37.642803867,127.06259624
NODE,노원구,중계동,37.6398255,127.06073039
LINK,노원구,중계동,37.662758681,127.07554732
LINK,노원구,상계동,37.656526727,127.06428465
NODE,노원구,상계동,37.659873771,127.06381136
NODE,노원구,중계동,37.647896864,127.07019353
LINK,노원구,중계동,37.654554595,127.077991
LINK,노원구,하계동,37.6389262,127.07557524
NODE,노원구,상계동,37.66435204,127.05315776
NODE,노원구,중계동,37.647635251,127.06803714
LINK,노원구,공릉동,37.617453544,127.07571274
NODE,노원구,중계동,37.648955563,127.06962529
NODE,노원구,중계동,37.648971651,127.06947869
LINK,노원구,상계동,37.661369958,127.05644484
LINK,노원구,하계동,37.636355263,127.07072169
LINK,노원구,공릉동,37.627844136,127.06909581
NODE,노원구,상계동,37.664466462,127.0531636
LINK,노원구,월계동,37.62766458,127.0478427
NODE,노원구,하계동,37.639642585,127.06938091
LINK,노원구,공릉동,37.627960552,127.07784464
NODE,노원구,상계동,37.674113597,127.0555257
LINK,노원구,중계동,37.649300421,127.06975593
LINK,노원구,공릉동,37.628210034,127.08488812
NODE,노원구,상계동,37.664851065,127.07711738
NODE,노원구,상계동,37.6644931,127.05495999
LINK,노원구,상계동,37.68053405,127.05540517
NODE,노원구,중계동,37.645492515,127.07081203
NODE,노원구,중계동,37.645416537,127.07054865
NODE,노원구,하계동,37.645195019,127.07096435
NODE,노원구,중계동,37.645126191,127.07068302
NODE,노원구,상계동,37.665894834,127.07765824
LINK,노원구,하계동,37.644324352,127.07646456
LINK,노원구,하계동,37.634750164,127.06628786
NODE,노원구,중계동,37.649182056,127.06930064
LINK,노원구,상계동,37.654838401,127.06302817
NODE,노원구,월계동,37.627842974,127.06299503
NODE,노원구,월계동,37.627660199,127.0624194
NODE,노원구,월계동,37.627433583,127.06252279
NODE,노원구,월계동,37.622705419,127.06178214
LINK,노원구,공릉동,37.625863355,127.09152988
NODE,노원구,월계동,37.622648275,127.06164975
LINK,노원구,상계동,37.654340285,127.06080406
LINK,노원구,중계동,37.647947719,127.07663041
NODE,노원구,상계동,37.654844061,127.05731482
NODE,노원구,공릉동,37.627926836,127.07778489
LINK,노원구,상계동,37.659968417,127.063931
NODE,노원구,중계동,37.651303076,127.07291031
LINK,노원구,공릉동,37.623049407,127.08084861
LINK,노원구,공릉동,37.626947713,127.07896934
LINK,노원구,월계동,37.620596467,127.06290044
LINK,노원구,중계동,37.656517546,127.07473785
NODE,노원구,상계동,37.661495818,127.05645933
NODE,노원구,상계동,37.661321482,127.05905001
LINK,노원구,상계동,37.664409251,127.05316068
NODE,노원구,상계동,37.661542017,127.05851403
NODE,노원구,공릉동,37.623744739,127.09083028
NODE,노원구,공릉동,37.622239177,127.0793399
NODE,노원구,상계동,37.661364762,127.05830518
NODE,노원구,상계동,37.661347529,127.05844551
NODE,노원구,상계동,37.661410414,127.05854271
NODE,노원구,상계동,37.660935281,127.05908569
NODE,노원구,상계동,37.661035444,127.059003
NODE,노원구,상계동,37.661027151,127.05842366
NODE,노원구,상계동,37.660949857,127.05853875
NODE,노원구,상계동,37.668776001,127.06071394
NODE,노원구,상계동,37.647169286,127.06329322
NODE,노원구,상계동,37.64705062,127.06291939
LINK,노원구,중계동,37.644412124,127.06711572
LINK,노원구,상계동,37.657301909,127.06646938
NODE,노원구,중계동,37.648155388,127.08058071
LINK,노원구,하계동,37.632536915,127.0725741
NODE,노원구,상계동,37.669578356,127.08047023
NODE,노원구,상계동,37.680540995,127.05523673
LINK,노원구,상계동,37.665114736,127.06129674
NODE,노원구,상계동,37.671127521,127.05825282
NODE,노원구,공릉동,37.62758106,127.07810392
NODE,노원구,공릉동,37.626646649,127.07915605
LINK,노원구,공릉동,37.62734902,127.0799208
LINK,노원구,중계동,37.657936959,127.07490185
LINK,노원구,상계동,37.661476215,127.05852837
NODE,노원구,중계동,37.638214115,127.064844
NODE,노원구,중계동,37.644228319,127.08302171
NODE,노원구,중계동,37.644223388,127.08326706
NODE,노원구,하계동,37.643291093,127.07185418
NODE,노원구,하계동,37.642884317,127.07173411
NODE,노원구,중계동,37.652485083,127.07349223
NODE,노원구,중계동,37.652400965,127.0737532
LINK,노원구,월계동,37.626597223,127.0511099
NODE,노원구,중계동,37.644584978,127.07631073
NODE,노원구,중계동,37.654400423,127.07799685
NODE,노원구,하계동,37.641682645,127.07230091
NODE,노원구,하계동,37.641764703,127.07256523
LINK,노원구,상계동,37.6601359,127.07228179
NODE,노원구,하계동,37.638160141,127.07738548
NODE,노원구,하계동,37.637945103,127.07726151
NODE,노원구,하계동,37.642953147,127.07200944
LINK,노원구,월계동,37.62133741,127.05923643
NODE,노원구,중계동,37.643483011,127.06503238
LINK,노원구,공릉동,37.628626209,127.07010651
NODE,노원구,하계동,37.637950966,127.06479197
LINK,노원구,상계동,37.651641261,127.06132193
LINK,노원구,상계동,37.664699975,127.05784183
NODE,노원구,중계동,37.641234324,127.06564288
NODE,노원구,중계동,37.644174073,127.06733991
NODE,노원구,상계동,37.655830826,127.06001131
NODE,노원구,상계동,37.659179091,127.06488481
NODE,노원구,상계동,37.653787893,127.05738227
NODE,노원구,공릉동,37.62690312,127.07892038
LINK,노원구,월계동,37.627546891,127.0624711
NODE,노원구,월계동,37.626979862,127.05418827
LINK,노원구,공릉동,37.625725625,127.08600457
NODE,노원구,공릉동,37.630093969,127.09825614
NODE,노원구,중계동,37.644107569,127.06713938
NODE,노원구,중계동,37.644381254,127.06701096
NODE,노원구,하계동,37.634666826,127.06594391
LINK,노원구,상계동,37.661642295,127.07413461
LINK,노원구,공릉동,37.622957656,127.09061785
NODE,노원구,상계동,37.665512578,127.0760205
NODE,노원구,상계동,37.649222574,127.06222549
NODE,노원구,상계동,37.651312815,127.06158893
NODE,노원구,월계동,37.634013004,127.05922732
NODE,노원구,월계동,37.634033658,127.05911223
NODE,노원구,중계동,37.641368105,127.06323615
NODE,노원구,공릉동,37.627468788,127.0804777
NODE,노원구,중계동,37.641299695,127.06303504
NODE,노원구,중계동,37.640591515,127.06335037
NODE,노원구,상계동,37.664368507,127.05709596
LINK,노원구,공릉동,37.625095006,127.08618943
NODE,노원구,중계동,37.644442995,127.06722047
LINK,노원구,중계동,37.65059868,127.06853457
NODE,노원구,월계동,37.625785434,127.05228185
NODE,노원구,공릉동,37.626708358,127.07927697
LINK,노원구,상계동,37.6581686,127.05958245
NODE,노원구,공릉동,37.627815111,127.08269079
NODE,노원구,공릉동,37.627571806,127.08042602
NODE,노원구,중계동,37.648102664,127.08079915
LINK,노원구,하계동,37.634468716,127.06621999
NODE,노원구,하계동,37.641314576,127.07649387
NODE,노원구,상계동,37.662805492,127.0755603
LINK,노원구,상계동,37.667857104,127.07923475
NODE,노원구,공릉동,37.626992306,127.07901831
NODE,노원구,중계동,37.662437685,127.07571506
NODE,노원구,중계동,37.662442072,127.07599661
NODE,노원구,중계동,37.652165436,127.07737541
NODE,노원구,중계동,37.650766432,127.07699559
NODE,노원구,공릉동,37.627398241,127.07989352
NODE,노원구,중계동,37.647570459,127.07676946
LINK,노원구,하계동,37.636787048,127.06518233
NODE,노원구,중계동,37.647513525,127.07644167
NODE,노원구,상계동,37.662914269,127.07344498
NODE,노원구,중계동,37.647975041,127.07679862
NODE,노원구,중계동,37.6453045,127.06682927
LINK,노원구,상계동,37.664526208,127.06624205
NODE,노원구,중계동,37.640486486,127.06329284
LINK,노원구,중계동,37.643439092,127.06485581
NODE,노원구,공릉동,37.627663368,127.07822198
NODE,노원구,중계동,37.640317434,127.06337312
NODE,노원구,상계동,37.659042186,127.06464912
NODE,노원구,중계동,37.640646214,127.06356296
NODE,노원구,중계동,37.645829625,127.06354507
NODE,노원구,중계동,37.640321819,127.06371203
NODE,노원구,중계동,37.640267123,127.0634937
NODE,노원구,중계동,37.6390792,127.06403264
NODE,노원구,중계동,37.645959712,127.0639304
NODE,노원구,상계동,37.658498133,127.06552772
LINK,노원구,월계동,37.622676847,127.06171594
NODE,노원구,상계동,37.670850531,127.05841959
NODE,노원구,하계동,37.644572862,127.07664883
LINK,노원구,공릉동,37.620345438,127.08422756
NODE,노원구,중계동,37.646237157,127.06652084
NODE,노원구,중계동,37.647920398,127.07646221
NODE,노원구,중계동,37.643395173,127.06467924
NODE,노원구,상계동,37.654446124,127.0619822
LINK,노원구,상계동,37.660778563,127.07153576
NODE,노원구,상계동,37.664393595,127.0660289
LINK,노원구,하계동,37.633599572,127.06443856
NODE,노원구,상계동,37.655033924,127.06467724
NODE,노원구,중계동,37.646084019,127.06649195
LINK,노원구,상계동,37.654452209,127.06055428
LINK,노원구,월계동,37.627730809,127.06304817
LINK,노원구,중계동,37.64040196,127.06333298
NODE,노원구,중계동,37.650500242,127.08097552
NODE,노원구,상계동,37.65534002,127.06457984
NODE,노원구,중계동,37.650266876,127.08120404
NODE,노원구,상계동,37.654738515,127.06188477
NODE,노원구,공릉동,37.62349216,127.07351479
LINK,노원구,공릉동,37.616901504,127.072887
NODE,노원구,공릉동,37.622237796,127.07393363
LINK,노원구,중계동,37.656519378,127.07809193
NODE,노원구,공릉동,37.622919085,127.07133044
NODE,노원구,공릉동,37.622861994,127.07112898
NODE,노원구,공릉동,37.621689979,127.07162273
LINK,노원구,상계동,37.654221445,127.06745581
NODE,노원구,공릉동,37.621731052,127.07182129
NODE,노원구,공릉동,37.620840085,127.07302307
NODE,노원구,월계동,37.614937432,127.06477003
LINK,노원구,상계동,37.674093079,127.05535725
NODE,노원구,중계동,37.657636239,127.07489711
NODE,노원구,중계동,37.645254643,127.06664072
NODE,노원구,하계동,37.635531737,127.06820941
LINK,노원구,중계동,37.657708826,127.07528136
NODE,노원구,상계동,37.666515129,127.07834982
LINK,노원구,중계동,37.652095383,127.0775132
NODE,노원구,중계동,37.646267164,127.0660034
NODE,노원구,하계동,37.63804702,127.06490717
LINK,노원구,상계동,37.66489117,127.07703106
NODE,노원구,공릉동,37.62751954,127.07229587
NODE,노원구,공릉동,37.625994935,127.0730425
LINK,노원구,중계동,37.647541992,127.07660556
LINK,노원구,상계동,37.655983259,127.06185133
NODE,노원구,공릉동,37.625878452,127.07266834
NODE,노원구,상계동,37.667913055,127.06645378
LINK,노원구,상계동,37.669539392,127.08055656
LINK,노원구,중계동,37.657604422,127.0750537
LINK,노원구,상계동,37.664602565,127.05814547
LINK,노원구,월계동,37.623121967,127.06018301
NODE,노원구,중계동,37.646017861,127.06625616
NODE,노원구,하계동,37.634975805,127.07177361
NODE,노원구,하계동,37.634334991,127.07182767
NODE,노원구,하계동,37.634348642,127.07196005
LINK,노원구,상계동,37.664404717,127.05792796
NODE,노원구,상계동,37.661984032,127.07430408
NODE,노원구,상계동,37.66581463,127.0778201
LINK,노원구,월계동,37.627667571,127.05001004
NODE,노원구,공릉동,37.625910305,127.09148462
NODE,노원구,중계동,37.646038518,127.06610669
LINK,노원구,상계동,37.654261983,127.06038742
NODE,노원구,상계동,37.661781095,127.07403759
NODE,노원구,상계동,37.661595033,127.07423172
NODE,노원구,하계동,37.635344691,127.07105167
NODE,노원구,상계동,37.661689556,127.0740375
LINK,노원구,중계동,37.641945439,127.0682227
NODE,노원구,중계동,37.651545448,127.07317746
NODE,노원구,중계동,37.651473431,127.07272862
NODE,노원구,하계동,37.631552365,127.07150846
NODE,노원구,중계동,37.645208595,127.06386095
NODE,노원구,중계동,37.644712462,127.06174508
NODE,노원구,중계동,37.644800406,127.06191271
NODE,노원구,중계동,37.645047923,127.0617663
NODE,노원구,하계동,37.631557086,127.07126963
LINK,노원구,상계동,37.654445731,127.06029916
NODE,노원구,중계동,37.64530863,127.06366356
NODE,노원구,상계동,37.649122171,127.06189192
NODE,노원구,하계동,37.631706393,127.07034608
LINK,노원구,하계동,37.638846573,127.07508978
NODE,노원구,하계동,37.635986953,127.06854796
NODE,노원구,상계동,37.67098318,127.05858668
NODE,노원구,공릉동,37.627807586,127.06898356
NODE,노원구,하계동,37.637200965,127.07055271
NODE,노원구,하계동,37.637409284,127.07044355
NODE,노원구,상계동,37.684282493,127.06582489
NODE,노원구,하계동,37.637464267,127.07034576
NODE,노원구,하계동,37.636940203,127.07033951
LINK,노원구,중계동,37.650673478,127.07648954
NODE,노원구,하계동,37.637114026,127.07051233
NODE,노원구,상계동,37.660993329,127.07117254
NODE,노원구,상계동,37.661087658,127.07129137
NODE,노원구,상계동,37.66789149,127.07914698
NODE,노원구,상계동,37.667202844,127.07886412
NODE,노원구,상계동,37.666595343,127.07817357
NODE,노원구,상계동,37.667280764,127.07869722
LINK,노원구,중계동,37.65339526,127.07818844
NODE,노원구,중계동,37.641343743,127.06601635
LINK,노원구,상계동,37.665057696,127.06096275
NODE,노원구,상계동,37.667805501,127.06644505
NODE,노원구,공릉동,37.629912948,127.07650793
NODE,노원구,하계동,37.637912247,127.06445236
LINK,노원구,중계동,37.660567276,127.07555228
NODE,노원구,중계동,37.638083927,127.06437481
LINK,노원구,중계동,37.65058419,127.08098587
LINK,노원구,중계동,37.64772905,127.08061188
LINK,노원구,월계동,37.619534328,127.06340735
LINK,노원구,공릉동,37.627520297,127.08045186
NODE,노원구,하계동,37.637891586,127.06457033
LINK,노원구,상계동,37.682362613,127.05526976
LINK,노원구,상계동,37.661178463,127.05902651
LINK,노원구,상계동,37.664945462,127.06115266
NODE,노원구,하계동,37.637852166,127.07224257
NODE,노원구,하계동,37.638062717,127.07222839
NODE,노원구,하계동,37.638083076,127.07261403
LINK,노원구,상계동,37.664852786,127.06330594
NODE,노원구,중계동,37.65646192,127.07793673
LINK,노원구,하계동,37.643248346,127.07172398
NODE,노원구,상계동,37.665484183,127.07569301
LINK,노원구,공릉동,37.62774886,127.0961281
NODE,노원구,월계동,37.628289726,127.04688636
LINK,노원구,공릉동,37.622444535,127.08670857
LINK,노원구,공릉동,37.617732611,127.07591729
LINK,노원구,공릉동,37.627842858,127.06932456
NODE,노원구,하계동,37.638178461,127.07379402
NODE,노원구,상계동,37.664105421,127.07560884
NODE,노원구,상계동,37.664931274,127.07694473
NODE,노원구,월계동,37.628316719,127.04683491
NODE,노원구,상계동,37.663990442,127.07646876
NODE,노원구,상계동,37.664067795,127.07628892
LINK,노원구,공릉동,37.623829488,127.09073399
NODE,노원구,상계동,37.664056467,127.07611258
NODE,노원구,상계동,37.670285082,127.08107847
LINK,노원구,상계동,37.662942806,127.07355656
NODE,노원구,하계동,37.636190698,127.06843016
NODE,노원구,하계동,37.635946139,127.0678918
NODE,노원구,상계동,37.670230042,127.08124827
NODE,노원구,중계동,37.640698029,127.06890512
NODE,노원구,상계동,37.670607031,127.05435996
NODE,노원구,공릉동,37.638359595,127.08239671
NODE,노원구,하계동,37.636367017,127.06824902
NODE,노원구,공릉동,37.638439801,127.08224139
LINK,노원구,월계동,37.61844449,127.05741873
NODE,노원구,중계동,37.641698644,127.06845225
LINK,노원구,월계동,37.625867856,127.05220134
LINK,노원구,중계동,37.653647237,127.07395989
LINK,노원구,하계동,37.637412833,127.07024894
LINK,노원구,공릉동,37.630242652,127.07626224
LINK,노원구,상계동,37.66911833,127.06032412
LINK,노원구,상계동,37.661080739,127.06178596
NODE,노원구,하계동,37.63632901,127.07061231
NODE,노원구,하계동,37.63496885,127.07192036
LINK,노원구,공릉동,37.626421113,127.09522722
LINK,노원구,중계동,37.639688411,127.06083655
NODE,노원구,공릉동,37.625253573,127.08839073
LINK,노원구,중계동,37.644924164,127.06183951
NODE,노원구,하계동,37.636972296,127.07024961
NODE,노원구,하계동,37.63525504,127.07171057
NODE,노원구,하계동,37.635083415,127.07169026
NODE,노원구,하계동,37.637263006,127.07013189
NODE,노원구,상계동,37.664549197,127.06605782
LINK,노원구,하계동,37.645160605,127.07082369
NODE,노원구,상계동,37.66450322,127.06642627
NODE,노원구,상계동,37.664352199,127.06639159
NODE,노원구,공릉동,37.624797589,127.08915123
NODE,노원구,상계동,37.670771555,127.05639934
NODE,노원구,공릉동,37.62487383,127.07073239
NODE,노원구,공릉동,37.624823609,127.0705223
NODE,노원구,공릉동,37.625410322,127.0728808
NODE,노원구,하계동,37.631457563,127.07122637
NODE,노원구,공릉동,37.631452784,127.07156016
LINK,노원구,하계동,37.635372082,127.07116824
NODE,노원구,하계동,37.631252624,127.07328648
NODE,노원구,상계동,37.662676204,127.06917163
NODE,노원구,상계동,37.662767669,127.06929766
NODE,노원구,공릉동,37.631188617,127.07317132
LINK,노원구,상계동,37.653817489,127.05750711
NODE,노원구,하계동,37.637361399,127.07015213
NODE,노원구,중계동,37.649090294,127.06985541
LINK,노원구,월계동,37.629185683,127.05483442
LINK,노원구,공릉동,37.624313313,127.08642014
NODE,노원구,공릉동,37.624820528,127.08907933
NODE,노원구,하계동,37.639245084,127.06955287
NODE,노원구,공릉동,37.624751988,127.08892675
NODE,노원구,공릉동,37.628061952,127.08475128
NODE,노원구,상계동,37.664214374,127.06730116
NODE,노원구,하계동,37.639181259,127.06934027
NODE,노원구,중계동,37.644688787,127.06152065
NODE,노원구,월계동,37.6271493,127.05399561
LINK,노원구,상계동,37.653673627,127.0578011
NODE,노원구,공릉동,37.630849447,127.07392777
LINK,노원구,공릉동,37.618500891,127.07866995
NODE,노원구,하계동,37.630957002,127.07393651
NODE,노원구,공릉동,37.628894155,127.07169295
NODE,노원구,상계동,37.655893869,127.06669922
NODE,노원구,공릉동,37.628970067,127.0710456
NODE,노원구,중계동,37.641972786,127.06832612
NODE,노원구,공릉동,37.628796092,127.071126
NODE,노원구,중계동,37.638849323,127.06671492
LINK,노원구,공릉동,37.618836274,127.0784948
NODE,노원구,상계동,37.655541852,127.06684068
NODE,노원구,상계동,37.680527106,127.05557361
NODE,노원구,상계동,37.64493697,127.06007863
NODE,노원구,공릉동,37.631372357,127.08302349
NODE,노원구,상계동,37.68079714,127.05558821
LINK,노원구,상계동,37.670876721,127.05261257
LINK,노원구,중계동,37.647894665,127.07004691
LINK,노원구,중계동,37.647717609,127.06792222
NODE,노원구,상계동,37.645208171,127.06014169
NODE,노원구,상계동,37.664095417,127.06722333
NODE,노원구,월계동,37.619555277,127.05799787
NODE,노원구,월계동,37.619973933,127.05828591
LINK,노원구,공릉동,37.616781457,127.07305351
LINK,노원구,상계동,37.651284493,127.06141449
NODE,노원구,공릉동,37.629384964,127.0843931
LINK,노원구,공릉동,37.628978854,127.07165274
LINK,노원구,중계동,37.645454526,127.07068034
NODE,노원구,공릉동,37.630932273,127.06746569
LINK,노원구,상계동,37.656849055,127.06571013
NODE,노원구,공릉동,37.631415634,127.08331416
NODE,노원구,월계동,37.624213793,127.04992793
LINK,노원구,상계동,37.645292256,127.05852748
NODE,노원구,월계동,37.627609638,127.04788727
LINK,노원구,상계동,37.671021521,127.05119186
LINK,노원구,공릉동,37.623153602,127.09025412
NODE,노원구,월계동,37.619907499,127.05842108
NODE,노원구,중계동,37.650292678,127.08098702
LINK,노원구,월계동,37.63455051,127.05980472
NODE,노원구,중계동,37.649695579,127.08110956
LINK,노원구,중계동,37.651606156,127.07305873
NODE,노원구,공릉동,37.629291333,127.08411676
NODE,노원구,상계동,37.669076294,127.08008535
NODE,노원구,월계동,37.627820942,127.04991231
NODE,노원구,공릉동,37.623387978,127.07938428
NODE,노원구,중계동,37.649723717,127.08088668
LINK,노원구,상계동,37.661571325,127.05404488
NODE,노원구,중계동,37.639866681,127.06059257
NODE,노원구,중계동,37.639766089,127.06078778
NODE,노원구,공릉동,37.618593497,127.078788
NODE,노원구,상계동,37.669005245,127.08024073
LINK,노원구,중계동,37.640618865,127.06345667
LINK,노원구,공릉동,37.621710516,127.07172201
NODE,노원구,상계동,37.670328557,127.08108715
NODE,노원구,공릉동,37.628158069,127.08475139
LINK,노원구,공릉동,37.623277244,127.08556297
NODE,노원구,상계동,37.653022543,127.06764984
NODE,노원구,중계동,37.646502396,127.08102021
NODE,노원구,중계동,37.645925791,127.08183603
NODE,노원구,중계동,37.646092586,127.08194258
NODE,노원구,공릉동,37.627994268,127.07790438
NODE,노원구,하계동,37.635627642,127.06857496
LINK,노원구,월계동,37.616892139,127.06418483
NODE,노원구,월계동,37.619493411,127.05815319
NODE,노원구,공릉동,37.624284811,127.08627769
NODE,노원구,공릉동,37.627887951,127.08485466
LINK,노원구,월계동,37.630109495,127.0539661
LINK,노원구,상계동,37.671034845,127.05823692
LINK,노원구,하계동,37.637957441,127.07223548
LINK,노원구,월계동,37.621400679,127.06937972
NODE,노원구,공릉동,37.626153422,127.07970516
NODE,노원구,공릉동,37.623362715,127.0795166
LINK,노원구,월계동,37.628319108,127.05563658
LINK,노원구,공릉동,37.625190305,127.0903429
NODE,노원구,월계동,37.627734036,127.04977701
LINK,노원구,공릉동,37.638399698,127.08231905
NODE,노원구,공릉동,37.61792494,127.07576932
NODE,노원구,월계동,37.627727032,127.05010503
NODE,노원구,공릉동,37.626091714,127.07958425
NODE,노원구,공릉동,37.624862717,127.07968652
NODE,노원구,월계동,37.623121931,127.0602535
NODE,노원구,상계동,37.653077113,127.06796263
NODE,노원구,공릉동,37.622458833,127.07940055
LINK,노원구,상계동,37.654150059,127.06063721
NODE,노원구,월계동,37.628244787,127.05551855
NODE,노원구,공릉동,37.624839734,127.07983036
NODE,노원구,공릉동,37.627705224,127.08274534
NODE,노원구,상계동,37.654980034,127.06297084
NODE,노원구,상계동,37.654696769,127.0630855
NODE,노원구,상계동,37.645342936,127.05706584
NODE,노원구,상계동,37.651604949,127.06114573
NODE,노원구,월계동,37.619514918,127.06332822
LINK,노원구,공릉동,37.620528221,127.08470532
NODE,노원구,월계동,37.620625035,127.0629724
NODE,노원구,월계동,37.620567899,127.06282849
NODE,노원구,월계동,37.62571696,127.06713152
LINK,노원구,하계동,37.64457892,127.07647978
NODE,노원구,공릉동,37.625117784,127.08633619
NODE,노원구,월계동,37.622961868,127.05999442
LINK,노원구,중계동,37.646313796,127.06641023
LINK,노원구,공릉동,37.624848719,127.07062735
LINK,노원구,중계동,37.644700624,127.06163287
LINK,노원구,하계동,37.640942254,127.0763168
NODE,노원구,공릉동,37.625072228,127.08604266
NODE,노원구,월계동,37.623122003,127.06011252
NODE,노원구,공릉동,37.618815723,127.07842573
NODE,노원구,공릉동,37.618742547,127.07834222
LINK,노원구,공릉동,37.626632074,127.08572795
NODE,노원구,공릉동,37.618856825,127.07856387
NODE,노원구,월계동,37.623076101,127.06037143
NODE,노원구,상계동,37.664729632,127.05803185
LINK,노원구,상계동,37.650953517,127.06842678
NODE,노원구,공릉동,37.618854463,127.07867319
NODE,노원구,공릉동,37.625751839,127.08614702
NODE,노원구,공릉동,37.630215232,127.07619747
NODE,노원구,월계동,37.625559175,127.06691558
NODE,노원구,하계동,37.633509139,127.06450611
LINK,노원구,공릉동,37.627622214,127.07816295
LINK,노원구,하계동,37.637117651,127.07019075
NODE,노원구,월계동,37.622959378,127.0603886
NODE,노원구,월계동,37.622886278,127.06012959
LINK,노원구,중계동,37.659301712,127.07323665
NODE,노원구,상계동,37.660973809,127.06204714
NODE,노원구,상계동,37.661039884,127.06151105
NODE,노원구,월계동,37.62760811,127.04991505
NODE,노원구,상계동,37.661091367,127.06167076
NODE,노원구,상계동,37.661070111,127.06190115
LINK,노원구,상계동,37.664759977,127.05913878
LINK,노원구,상계동,37.664080944,127.07586071
NODE,노원구,하계동,37.633690005,127.06437102
NODE,노원구,공릉동,37.625699411,127.08586211
LINK,노원구,중계동,37.641659878,127.06834882
NODE,노원구,공릉동,37.630977881,127.06774772
LINK,노원구,상계동,37.672356477,127.08302562
LINK,노원구,중계동,37.650830724,127.07675074
NODE,노원구,월계동,37.631508882,127.06132305
NODE,노원구,중계동,37.650668138,127.08099623
LINK,노원구,월계동,37.628563999,127.0570599
NODE,노원구,중계동,37.650685215,127.0798934
NODE,노원구,중계동,37.650521959,127.07990789
LINK,노원구,상계동,37.647109953,127.06310631
NODE,노원구,중계동,37.638168566,127.06444107
NODE,노원구,중계동,37.639505773,127.06068992
NODE,노원구,중계동,37.639610732,127.06088531
LINK,노원구,공릉동,37.620823533,127.07295832
LINK,노원구,상계동,37.664657545,127.06463291
NODE,노원구,상계동,37.664585679,127.05757977
LINK,노원구,공릉동,37.623375347,127.07945044
NODE,노원구,중계동,37.638234814,127.06465696
LINK,노원구,공릉동,37.626677503,127.07921651
NODE,노원구,공릉동,37.618520287,127.07875484
LINK,노원구,하계동,37.638052622,127.07732349
LINK,노원구,중계동,37.649076853,127.06938966
LINK,노원구,상계동,37.660985363,127.05904434
NODE,노원구,상계동,37.654488352,127.06076233
NODE,노원구,월계동,37.627637199,127.04764271
NODE,노원구,월계동,37.627719545,127.04774347
NODE,노원구,월계동,37.627719523,127.04779814
NODE,노원구,월계동,37.627504403,127.047798
NODE,노원구,월계동,37.627561576,127.04789587
NODE,노원구,상계동,37.661244098,127.05643035
LINK,노원구,상계동,37.670759838,127.05623045
LINK,노원구,월계동,37.627678372,127.04769309
LINK,노원구,상계동,37.661438929,127.05872625
NODE,노원구,공릉동,37.618481495,127.07858505
NODE,노원구,공릉동,37.618493014,127.07846998
NODE,노원구,상계동,37.655617559,127.06719372
LINK,노원구,월계동,37.62586,127.05185318
NODE,노원구,공릉동,37.617869967,127.0758455
NODE,노원구,공릉동,37.617595254,127.07598907
NODE,노원구,공릉동,37.617401054,127.0754854
NODE,노원구,공릉동,37.617426283,127.07539912
LINK,노원구,상계동,37.65571786,127.06676995
LINK,노원구,상계동,37.657177554,127.0667525
NODE,노원구,공릉동,37.61767811,127.07525552
NODE,노원구,공릉동,37.631124339,127.06775937
LINK,노원구,공릉동,37.629338148,127.08425493
LINK,노원구,상계동,37.684049141,127.06569223
NODE,노원구,상계동,37.667126702,127.05701465
LINK,노원구,상계동,37.664029119,127.07637884
NODE,노원구,상계동,37.664968283,127.06127647
NODE,노원구,상계동,37.664922641,127.06102886
NODE,노원구,상계동,37.667571014,127.05727354
LINK,노원구,상계동,37.670441764,127.0811938
LINK,노원구,하계동,37.638072024,127.07382845
NODE,노원구,상계동,37.670983747,127.05743506
NODE,노원구,상계동,37.670805201,127.05752417
LINK,노원구,상계동,37.660912599,127.06148755
NODE,노원구,상계동,37.660785314,127.06146406
LINK,노원구,상계동,37.682357875,127.05561241
LINK,노원구,상계동,37.653049828,127.06780623
LINK,노원구,공릉동,37.61861778,127.0784061
NODE,노원구,상계동,37.664532755,127.058167
LINK,노원구,상계동,37.664603567,127.06499415
LINK,노원구,상계동,37.667842949,127.06699639
LINK,노원구,중계동,37.657277991,127.07667131
LINK,노원구,중계동,37.654702121,127.07817031
NODE,노원구,중계동,37.643205599,127.07159379
NODE,노원구,공릉동,37.627407007,127.06913857
LINK,노원구,상계동,37.661882564,127.07417084
LINK,노원구,상계동,37.658313404,127.0695888
NODE,노원구,중계동,37.641621111,127.06824538
LINK,노원구,월계동,37.623827143,127.0682728
LINK,노원구,중계동,37.641289033,127.06582962
NODE,노원구,상계동,37.654416066,127.06034623
LINK,노원구,중계동,37.65799204,127.07510581
